index,customer_id,age,income,credit_score,credit_utilization,missed_payments,delinquent_account,loan_balance,debt_to_income_ratio,account_tenure,credit_card_type,month_1,month_2,month_3,month_4,month_5,month_6,employment_status_employed,employment_status_retired,employment_status_self-employed,employment_status_unemployed,location_chicago,location_houston,location_los angeles,location_new york,location_phoenix
0,cust0001,56,165580.0,398.0,0.390501928600237,3,0,16310.0,0.31739611496857,18,0,1,1,0,1,0,1,1.0,0.0,0.0,0.0,0.0,0.0,1.0,0.0,0.0
1,cust0002,69,100999.0,493.0,0.312444033226017,6,1,17401.0,0.196092643360821,0,1,0,0,1,0,2,2,0.0,0.0,1.0,0.0,0.0,0.0,0.0,0.0,1.0
2,cust0003,46,188416.0,500.0,0.359930238508409,0,0,13761.0,0.301654939890911,1,2,0,1,1,2,0,1,0.0,0.0,1.0,0.0,1.0,0.0,0.0,0.0,0.0
3,cust0004,32,101672.0,413.0,0.371400355303824,3,0,88778.0,0.264794439228806,15,2,1,0,1,0,1,1,0.0,0.0,0.0,1.0,0.0,0.0,0.0,0.0,1.0
4,cust0005,60,38524.0,487.0,0.234715862628201,2,0,13316.0,0.510583482534848,11,1,0,2,0,1,1,1,0.0,0.0,1.0,0.0,0.0,0.0,0.0,0.0,1.0
5,cust0006,25,84042.0,700.0,0.650540429714525,6,0,48361.0,0.260687881080009,7,3,2,1,0,0,0,1,0.0,0.0,0.0,1.0,0.0,0.0,0.0,1.0,0.0
6,cust0007,38,35056.0,354.0,0.390580940522579,3,0,4638.0,0.484265137288334,17,2,2,0,0,1,0,1,1.0,0.0,0.0,0.0,0.0,0.0,0.0,1.0,0.0
7,cust0008,56,123215.0,415.0,0.532714667117731,5,0,55776.0,0.358695229118337,1,0,2,2,2,1,0,1,1.0,0.0,0.0,0.0,0.0,0.0,0.0,1.0,0.0
8,cust0009,36,66991.0,405.0,0.413034847617951,5,1,45776.0,0.219854102927027,12,0,2,2,2,0,1,2,1.0,0.0,0.0,0.0,0.0,0.0,0.0,0.0,1.0
9,cust0010,40,34870.0,679.0,0.361823917542758,4,0,93922.0,0.333081092525975,5,4,2,0,0,2,0,0,1.0,0.0,0.0,0.0,0.0,0.0,1.0,0.0,0.0
10,cust0011,28,42532.0,340.0,0.83445584721737,4,0,82909.0,0.269559025366218,5,0,2,1,0,0,2,1,0.0,0.0,0.0,1.0,1.0,0.0,0.0,0.0,0.0
11,cust0012,28,70479.0,679.0,0.684586436441881,3,0,75777.0,0.324215749074123,8,4,2,0,0,1,2,1,0.0,0.0,0.0,1.0,1.0,0.0,0.0,0.0,0.0
12,cust0013,41,56975.0,320.0,0.126359920008971,0,0,15171.0,0.228610901256673,15,1,1,1,0,1,2,2,1.0,0.0,0.0,0.0,0.0,0.0,1.0,0.0,0.0
13,cust0014,70,117023.0,528.0,0.105172510332822,5,0,95136.0,0.469017763334595,10,1,2,0,0,0,2,2,0.0,1.0,0.0,0.0,0.0,0.0,1.0,0.0,0.0
14,cust0015,53,143148.0,617.0,0.708521767127297,0,0,2593.0,0.392539809079672,6,1,1,0,1,1,1,1,0.0,0.0,0.0,1.0,1.0,0.0,0.0,0.0,0.0
15,cust0016,57,159356.0,601.0,0.396029321690249,0,0,1514.0,0.303178156816159,9,3,0,2,1,0,0,1,0.0,0.0,1.0,0.0,0.0,1.0,0.0,0.0,0.0
16,cust0017,41,146484.0,543.0,0.170183533213155,3,0,74039.0,0.472911476806953,9,3,1,0,2,0,0,1,0.0,0.0,1.0,0.0,0.0,0.0,0.0,1.0,0.0
17,cust0018,20,183152.0,823.0,0.709147026508068,0,1,28018.0,0.307427924408284,19,4,2,2,1,1,2,1,0.0,0.0,0.0,1.0,0.0,0.0,0.0,1.0,0.0
18,cust0019,39,81040.0,831.0,0.533824810019818,5,0,16034.0,0.409762496486116,17,0,0,2,2,1,2,0,0.0,0.0,0.0,1.0,1.0,0.0,0.0,0.0,0.0
19,cust0020,70,181319.0,486.0,0.550314216966463,2,0,2420.0,0.303830058752242,19,0,1,0,1,1,1,0,0.0,1.0,0.0,0.0,0.0,0.0,1.0,0.0,0.0
20,cust0021,19,199402.0,783.0,0.661907854401181,4,0,43942.0,0.339388759481057,8,1,1,1,2,2,2,1,0.0,0.0,1.0,0.0,0.0,1.0,0.0,0.0,0.0
21,cust0022,41,40351.0,690.0,0.238004568343521,2,1,2200.0,0.291856121905722,14,2,0,0,2,2,1,0,0.0,0.0,0.0,1.0,1.0,0.0,0.0,0.0,0.0
22,cust0023,61,154487.0,321.0,0.173699835723167,0,0,81757.0,0.309530135387393,3,3,1,2,2,2,1,2,0.0,0.0,0.0,1.0,0.0,0.0,0.0,1.0,0.0
23,cust0024,47,108468.0,538.0,0.81619085898064,2,1,45776.0,0.317053186038799,7,3,1,1,1,2,1,1,0.0,1.0,0.0,0.0,0.0,0.0,0.0,0.0,1.0
24,cust0025,55,41646.0,847.0,0.212566647851541,5,0,28018.0,0.23302681675116,8,1,2,0,0,0,1,1,0.0,1.0,0.0,0.0,0.0,0.0,1.0,0.0,0.0
25,cust0026,19,193998.0,515.0,0.255552440584887,5,0,45776.0,0.259893133307691,12,3,1,0,2,1,0,2,1.0,0.0,0.0,0.0,0.0,0.0,0.0,0.0,1.0
26,cust0027,38,89740.0,789.0,0.295512924090846,0,0,89660.0,0.278324498351382,8,1,0,2,0,0,0,2,0.0,1.0,0.0,0.0,1.0,0.0,0.0,0.0,0.0
27,cust0028,50,136790.0,525.0,0.915989184738104,3,0,43870.0,0.322971101680229,3,4,0,2,1,1,0,2,1.0,0.0,0.0,0.0,0.0,0.0,0.0,1.0,0.0
28,cust0029,29,86726.0,588.0,0.598676660082304,2,0,45776.0,0.296942098049653,16,0,1,1,0,2,1,2,0.0,0.0,1.0,0.0,0.0,1.0,0.0,0.0,0.0
29,cust0030,39,88523.0,523.0,0.693081594887076,3,0,29561.0,0.41730325338257,15,2,1,2,2,2,1,2,1.0,0.0,0.0,0.0,0.0,0.0,0.0,0.0,1.0
30,cust0031,61,72458.0,374.0,0.539233509115745,3,0,60530.0,0.384711831897964,14,0,2,0,1,0,2,0,1.0,0.0,0.0,0.0,0.0,1.0,0.0,0.0,0.0
31,cust0032,42,60106.0,385.0,0.379622557759753,1,0,46663.0,0.280367244397462,2,0,2,1,1,2,2,0,0.0,0.0,0.0,1.0,0.0,0.0,0.0,1.0,0.0
32,cust0033,66,106362.0,806.0,0.626258256652033,0,1,11308.0,0.438178389745193,19,4,1,1,1,1,1,2,0.0,0.0,0.0,1.0,0.0,0.0,0.0,0.0,1.0
33,cust0034,44,99076.0,440.0,0.188676805840639,4,0,99005.0,0.487302062357545,4,3,0,1,1,0,2,0,1.0,0.0,0.0,0.0,0.0,1.0,0.0,0.0,0.0
34,cust0035,59,69693.0,316.0,0.280943309580701,5,1,60278.0,0.1,4,2,2,0,1,1,2,1,0.0,1.0,0.0,0.0,0.0,1.0,0.0,0.0,0.0
35,cust0036,45,137402.0,464.0,0.646595035852296,5,0,65119.0,0.393229008506627,19,3,0,0,0,2,2,2,0.0,0.0,0.0,1.0,0.0,0.0,0.0,0.0,1.0
36,cust0037,33,53756.0,521.0,0.228548953834643,0,0,36029.0,0.23070158026685,14,0,1,0,0,2,2,0,1.0,0.0,0.0,0.0,0.0,0.0,0.0,1.0,0.0
37,cust0038,32,181319.0,467.0,0.462183706167625,6,0,62010.0,0.380074802132329,17,1,0,2,2,2,0,2,1.0,0.0,0.0,0.0,0.0,1.0,0.0,0.0,0.0
38,cust0039,64,183152.0,823.0,0.471297531128917,6,0,87164.0,0.423823794064643,14,0,1,2,1,0,0,2,1.0,0.0,0.0,0.0,1.0,0.0,0.0,0.0,0.0
39,cust0040,68,97750.0,352.0,0.394267599332567,6,0,91432.0,0.212300740548944,1,3,2,1,1,2,2,2,1.0,0.0,0.0,0.0,0.0,0.0,0.0,0.0,1.0
40,cust0041,61,107658.0,372.0,0.109776305030228,4,0,44454.0,0.114767290098423,12,0,1,0,1,2,1,1,0.0,0.0,1.0,0.0,0.0,0.0,1.0,0.0,0.0
41,cust0042,72,81617.0,359.0,0.374214221762261,5,0,11564.0,0.383543408821586,3,1,1,2,1,2,0,0,0.0,1.0,0.0,0.0,0.0,0.0,1.0,0.0,0.0
42,cust0043,69,107658.0,792.0,0.335006324613502,0,1,11155.0,0.313540248248361,9,4,2,1,1,1,0,0,0.0,1.0,0.0,0.0,0.0,0.0,0.0,1.0,0.0
43,cust0044,74,66991.0,601.0,0.532287972657539,5,0,31198.0,0.133156124609737,12,3,2,1,2,0,0,1,1.0,0.0,0.0,0.0,1.0,0.0,0.0,0.0,0.0
44,cust0045,20,106267.0,751.0,0.522098107739893,3,0,86447.0,0.552956450546282,9,0,2,0,2,1,2,1,0.0,0.0,0.0,1.0,0.0,1.0,0.0,0.0,0.0
45,cust0046,54,59238.0,401.0,0.575592291987374,2,1,45776.0,0.362441941225655,8,3,2,1,0,0,1,2,0.0,0.0,0.0,1.0,0.0,0.0,1.0,0.0,0.0
46,cust0047,68,153311.0,326.0,0.36480274540512,2,0,5626.0,0.367010004012515,7,4,0,0,2,1,0,1,1.0,0.0,0.0,0.0,0.0,0.0,0.0,1.0,0.0
47,cust0048,24,146800.0,637.0,0.604555590093178,5,0,2687.0,0.436581775256204,2,0,2,1,2,0,2,2,1.0,0.0,0.0,0.0,1.0,0.0,0.0,0.0,0.0
48,cust0049,38,97750.0,691.0,0.188798653445263,1,0,63375.0,0.241917604715349,15,0,1,2,2,2,0,1,0.0,1.0,0.0,0.0,1.0,0.0,0.0,0.0,0.0
49,cust0050,26,118033.0,469.0,0.135619053469529,4,0,92865.0,0.313045411208867,13,3,1,0,0,1,2,0,1.0,0.0,0.0,0.0,0.0,0.0,0.0,1.0,0.0
50,cust0051,56,169865.0,336.0,0.05,6,0,92183.0,0.168067808622023,8,3,0,1,2,1,1,2,1.0,0.0,0.0,0.0,0.0,0.0,0.0,1.0,0.0
51,cust0052,35,109074.0,383.0,0.4001405520856,4,0,45776.0,0.239205155271481,10,1,1,0,1,1,0,2,1.0,0.0,0.0,0.0,0.0,1.0,0.0,0.0,0.0
52,cust0053,21,185806.0,823.0,0.349340355132288,4,0,45776.0,0.338566000046923,2,4,0,0,1,2,2,0,1.0,0.0,0.0,0.0,0.0,0.0,0.0,1.0,0.0
53,cust0054,42,194819.0,339.0,0.65786312237092,3,0,29427.0,0.133471533286754,4,1,1,0,2,2,2,0,1.0,0.0,0.0,0.0,0.0,1.0,0.0,0.0,0.0
54,cust0055,31,90353.0,711.0,0.370267482590226,4,0,69342.0,0.236371045432191,9,0,1,2,2,2,1,1,0.0,1.0,0.0,0.0,0.0,1.0,0.0,0.0,0.0
55,cust0056,67,198401.0,715.0,0.554675269588853,2,0,17401.0,0.207206604006227,12,3,2,1,1,2,1,1,0.0,1.0,0.0,0.0,0.0,0.0,0.0,0.0,1.0
56,cust0057,26,76629.0,673.0,0.662659315316615,3,0,35372.0,0.314209224562034,3,0,2,1,1,1,0,2,1.0,0.0,0.0,0.0,1.0,0.0,0.0,0.0,0.0
57,cust0058,43,107193.0,843.0,0.362736184870176,0,0,70793.0,0.357470126166534,12,0,0,0,0,0,1,2,1.0,0.0,0.0,0.0,1.0,0.0,0.0,0.0,0.0
58,cust0059,70,81040.0,401.0,0.559610442021435,4,0,63443.0,0.374215280437645,11,2,1,0,0,0,1,0,0.0,1.0,0.0,0.0,1.0,0.0,0.0,0.0,0.0
59,cust0060,19,107658.0,538.0,0.700385509791039,4,0,37445.0,0.399881664477815,4,2,2,1,0,1,0,2,1.0,0.0,0.0,0.0,0.0,0.0,0.0,0.0,1.0
60,cust0061,37,140899.0,826.0,0.252367445038886,0,1,64950.0,0.437211684657237,9,0,2,0,1,0,0,2,0.0,0.0,0.0,1.0,0.0,1.0,0.0,0.0,0.0
61,cust0062,45,184160.0,475.0,0.504970467648928,4,0,49893.0,0.36072454536834,8,3,1,0,2,2,0,0,1.0,0.0,0.0,0.0,0.0,1.0,0.0,0.0,0.0
62,cust0063,64,155507.0,801.0,0.363593123360137,0,0,81202.0,0.488733589889441,19,0,0,1,1,2,1,2,0.0,1.0,0.0,0.0,0.0,0.0,0.0,1.0,0.0
63,cust0064,24,109074.0,739.0,0.265102023501372,3,0,54247.0,0.311950252126468,6,2,0,0,0,0,2,0,0.0,0.0,1.0,0.0,0.0,0.0,0.0,0.0,1.0
64,cust0065,61,43251.0,773.0,0.192709651901954,2,0,86488.0,0.282667884574945,1,3,2,0,1,2,2,1,0.0,0.0,0.0,1.0,0.0,0.0,0.0,1.0,0.0
65,cust0066,25,117634.0,815.0,0.261870285564259,0,0,95267.0,0.360730736336004,6,0,0,2,0,0,1,0,1.0,0.0,0.0,0.0,0.0,0.0,0.0,0.0,1.0
66,cust0067,64,107658.0,612.0,0.512005801150402,1,0,99005.0,0.278358882500741,7,4,2,1,2,0,2,2,0.0,1.0,0.0,0.0,0.0,0.0,0.0,1.0,0.0
67,cust0068,52,172164.0,600.0,0.17783110888765,0,0,7468.0,0.485256472877504,6,4,0,0,2,1,1,0,1.0,0.0,0.0,0.0,0.0,0.0,1.0,0.0,0.0
68,cust0069,31,107658.0,796.0,0.389854595182272,4,0,85026.0,0.413098347313521,13,0,0,1,0,1,1,0,1.0,0.0,0.0,0.0,1.0,0.0,0.0,0.0,0.0
69,cust0070,34,81617.0,822.0,0.662638881370579,6,0,24917.0,0.375027814419951,18,3,1,0,2,2,2,0,0.0,0.0,1.0,0.0,1.0,0.0,0.0,0.0,0.0
70,cust0071,53,196415.0,797.0,0.589802192683787,6,1,77348.0,0.313141934404135,4,0,2,2,0,0,2,1,1.0,0.0,0.0,0.0,0.0,1.0,0.0,0.0,0.0
71,cust0072,67,159572.0,371.0,0.393898475412368,3,0,16310.0,0.259252282858513,17,0,0,2,2,0,2,2,0.0,0.0,0.0,1.0,0.0,0.0,1.0,0.0,0.0
72,cust0073,57,136465.0,567.0,0.837938082671744,5,0,95303.0,0.370132500456776,19,2,1,1,0,2,2,0,1.0,0.0,0.0,0.0,1.0,0.0,0.0,0.0,0.0
73,cust0074,21,36447.0,448.0,0.878607282782332,3,0,13355.0,0.187290254815304,11,4,2,2,0,1,2,0,0.0,0.0,1.0,0.0,0.0,1.0,0.0,0.0,0.0
74,cust0075,19,159188.0,835.0,0.505224486307945,5,0,96507.0,0.453436353344102,16,2,2,2,2,0,2,2,1.0,0.0,0.0,0.0,0.0,0.0,1.0,0.0,0.0
75,cust0076,23,181267.0,542.0,0.05,6,0,24851.0,0.282236329461462,12,2,0,0,1,0,1,2,0.0,1.0,0.0,0.0,1.0,0.0,0.0,0.0,0.0
76,cust0077,71,107658.0,611.0,0.677289639403251,6,0,23908.0,0.330510673324072,1,0,1,0,1,2,0,0,1.0,0.0,0.0,0.0,0.0,0.0,0.0,1.0,0.0
77,cust0078,59,59425.0,577.0,0.05,0,0,65548.0,0.209039892380671,12,2,0,2,2,2,2,2,0.0,0.0,0.0,1.0,0.0,0.0,0.0,0.0,1.0
78,cust0079,21,97844.0,728.0,0.795229222144013,2,0,82909.0,0.372298626311922,6,4,2,0,2,1,2,1,1.0,0.0,0.0,0.0,0.0,0.0,1.0,0.0,0.0
79,cust0080,71,115235.0,427.0,0.716716980148459,1,0,31454.0,0.254625838716167,9,2,0,2,1,2,2,1,1.0,0.0,0.0,0.0,0.0,1.0,0.0,0.0,0.0
80,cust0081,46,189358.0,824.0,0.854842500827604,3,0,4617.0,0.364922879030509,5,4,0,1,1,2,1,2,0.0,1.0,0.0,0.0,0.0,0.0,1.0,0.0,0.0
81,cust0082,35,88847.0,686.0,0.552053111673545,4,0,92329.0,0.375739346897738,2,2,1,1,0,2,1,1,0.0,1.0,0.0,0.0,0.0,1.0,0.0,0.0,0.0
82,cust0083,43,172504.0,835.0,0.427722846563632,5,0,28298.0,0.235236788641145,2,4,2,0,1,1,0,0,0.0,0.0,0.0,1.0,0.0,0.0,1.0,0.0,0.0
83,cust0084,61,115235.0,820.0,0.409979773261955,4,0,10942.0,0.1876470879086,17,2,1,1,0,1,1,1,0.0,1.0,0.0,0.0,0.0,1.0,0.0,0.0,0.0
84,cust0085,51,186230.0,336.0,0.39074796579382,2,0,51440.0,0.453189991654454,10,2,2,0,1,2,1,2,1.0,0.0,0.0,0.0,1.0,0.0,0.0,0.0,0.0
85,cust0086,27,80215.0,572.0,0.69621373073494,5,0,12707.0,0.280770096597091,19,3,0,0,2,1,0,2,1.0,0.0,0.0,0.0,0.0,0.0,0.0,1.0,0.0
86,cust0087,53,141131.0,601.0,0.642454297901175,3,1,92865.0,0.322484881604563,4,4,2,0,2,1,2,0,0.0,0.0,0.0,1.0,1.0,0.0,0.0,0.0,0.0
87,cust0088,31,188416.0,680.0,0.524045126686842,0,0,35598.0,0.348546452464674,18,4,2,1,2,1,0,2,0.0,1.0,0.0,0.0,0.0,0.0,0.0,1.0,0.0
88,cust0089,48,129585.0,458.0,0.355563738414605,4,0,51431.0,0.174629987010177,18,4,2,1,0,1,0,2,0.0,1.0,0.0,0.0,1.0,0.0,0.0,0.0,0.0
89,cust0090,65,127856.0,361.0,1.02584252626005,2,0,2200.0,0.346266613681988,14,1,2,1,2,0,0,2,1.0,0.0,0.0,0.0,1.0,0.0,0.0,0.0,0.0
90,cust0091,32,90353.0,664.0,0.682474922792573,3,0,20525.0,0.309912653615463,15,2,2,1,1,2,2,1,1.0,0.0,0.0,0.0,0.0,0.0,1.0,0.0,0.0
91,cust0092,25,18709.0,444.0,0.180457616045318,6,0,44437.0,0.23564693022956,8,4,0,1,1,2,2,1,1.0,0.0,0.0,0.0,0.0,0.0,0.0,0.0,1.0
92,cust0093,31,90353.0,372.0,0.396748796812574,6,0,59192.0,0.184346401516227,3,1,1,1,0,2,0,2,0.0,1.0,0.0,0.0,0.0,1.0,0.0,0.0,0.0
93,cust0094,40,107658.0,439.0,0.686355219481741,3,0,17401.0,0.360588554795727,14,3,2,1,0,2,2,1,1.0,0.0,0.0,0.0,0.0,1.0,0.0,0.0,0.0
94,cust0095,74,35056.0,648.0,0.340092215753463,3,0,67236.0,0.412771200819487,11,4,0,1,0,0,0,2,0.0,0.0,0.0,1.0,0.0,1.0,0.0,0.0,0.0
95,cust0096,57,90353.0,306.0,0.570309591765177,3,0,11251.0,0.31785905173928,2,4,2,1,0,1,0,0,0.0,1.0,0.0,0.0,0.0,0.0,0.0,1.0,0.0
96,cust0097,38,121357.0,742.0,0.690159260067229,5,0,8110.0,0.156553465815031,13,1,2,2,0,0,2,2,0.0,0.0,1.0,0.0,0.0,1.0,0.0,0.0,0.0
97,cust0098,33,152326.0,383.0,0.05,3,0,10778.0,0.194266718282526,16,2,0,1,2,2,0,2,0.0,0.0,0.0,1.0,0.0,1.0,0.0,0.0,0.0
98,cust0099,62,189197.0,639.0,0.478392460042149,4,1,50183.0,0.256787629067594,18,3,0,1,2,0,2,1,1.0,0.0,0.0,0.0,0.0,0.0,1.0,0.0,0.0
99,cust0100,35,54298.0,495.0,0.486241830713024,2,0,13355.0,0.456461974116075,5,4,1,0,0,1,1,1,0.0,1.0,0.0,0.0,1.0,0.0,0.0,0.0,0.0
100,cust0101,64,106007.0,820.0,0.417585508863242,5,0,11061.0,0.275324933790112,3,2,2,1,0,1,1,0,1.0,0.0,0.0,0.0,0.0,1.0,0.0,0.0,0.0
101,cust0102,70,155734.0,563.0,0.560339026989208,3,0,79354.0,0.25314310772018,6,3,1,0,0,0,0,2,0.0,0.0,1.0,0.0,0.0,0.0,0.0,0.0,1.0
102,cust0103,41,163216.0,429.0,0.631503921499174,1,1,45776.0,0.132651520032388,18,0,1,0,1,1,0,2,0.0,1.0,0.0,0.0,0.0,1.0,0.0,0.0,0.0
103,cust0104,43,107658.0,679.0,0.528410188864921,1,0,60628.0,0.234331520988988,16,0,1,2,1,1,0,0,1.0,0.0,0.0,0.0,0.0,0.0,0.0,1.0,0.0
104,cust0105,42,178165.0,383.0,0.425234521190113,2,0,45776.0,0.176706364600916,15,3,0,2,0,2,2,1,0.0,0.0,1.0,0.0,0.0,0.0,0.0,1.0,0.0
105,cust0106,62,99076.0,340.0,0.626524259956853,6,0,30443.0,0.199682016907719,14,1,1,1,1,0,0,0,0.0,1.0,0.0,0.0,0.0,0.0,0.0,1.0,0.0
106,cust0107,58,117023.0,339.0,0.509810681854871,0,0,42556.0,0.311995068015874,7,3,2,2,1,1,1,2,1.0,0.0,0.0,0.0,0.0,1.0,0.0,0.0,0.0
107,cust0108,46,127816.0,820.0,0.453859917360904,0,0,94000.0,0.259883579438882,18,3,0,0,1,2,2,0,0.0,0.0,1.0,0.0,0.0,0.0,1.0,0.0,0.0
108,cust0109,32,19748.0,354.0,0.237544122932216,6,0,29584.0,0.469949445267134,7,1,0,1,2,1,0,1,1.0,0.0,0.0,0.0,0.0,0.0,0.0,0.0,1.0
109,cust0110,62,170026.0,523.0,0.187469042946784,5,0,64950.0,0.407800337270747,17,1,0,0,2,1,2,2,1.0,0.0,0.0,0.0,0.0,1.0,0.0,0.0,0.0
110,cust0111,18,43732.0,474.0,0.233754041457185,5,0,76774.0,0.239111606218966,15,2,0,0,2,1,1,1,0.0,0.0,1.0,0.0,0.0,0.0,1.0,0.0,0.0
111,cust0112,42,16015.0,332.0,0.555665812244043,5,0,8828.0,0.208318215825948,19,2,1,0,1,1,1,2,0.0,0.0,1.0,0.0,0.0,0.0,1.0,0.0,0.0
112,cust0113,24,153311.0,475.0,0.484184250478729,0,1,692.0,0.438264193566419,18,1,0,1,1,1,0,2,1.0,0.0,0.0,0.0,0.0,1.0,0.0,0.0,0.0
113,cust0114,26,107658.0,725.0,0.203943180358507,1,0,77743.0,0.466004248948348,9,0,2,1,1,1,2,2,1.0,0.0,0.0,0.0,0.0,1.0,0.0,0.0,0.0
114,cust0115,41,138961.0,826.0,0.629183565158762,0,0,32588.0,0.1,16,0,2,2,0,1,0,1,0.0,0.0,1.0,0.0,0.0,0.0,1.0,0.0,0.0
116,cust0117,61,19835.0,629.0,0.380301276656732,3,1,55980.0,0.274812169210327,12,4,1,1,0,0,0,0,0.0,0.0,0.0,1.0,0.0,0.0,1.0,0.0,0.0
117,cust0118,25,84724.0,655.0,0.151803628526325,5,0,22510.0,0.364912014005993,6,3,1,1,2,1,2,1,1.0,0.0,0.0,0.0,0.0,1.0,0.0,0.0,0.0
118,cust0119,41,125448.0,644.0,0.358174723019617,1,1,82909.0,0.49426681241615,9,3,2,1,2,0,1,0,1.0,0.0,0.0,0.0,0.0,0.0,1.0,0.0,0.0
119,cust0120,28,134156.0,584.0,0.670892125358938,2,0,30509.0,0.25159429806722,1,4,1,0,1,1,2,0,1.0,0.0,0.0,0.0,0.0,0.0,0.0,1.0,0.0
120,cust0121,68,190333.0,526.0,0.609705971706954,2,0,45776.0,0.1,3,1,0,2,0,2,2,0,1.0,0.0,0.0,0.0,0.0,1.0,0.0,0.0,0.0
121,cust0122,34,125226.0,354.0,0.315513462797704,3,0,35598.0,0.357900770014926,5,0,1,2,2,1,0,2,1.0,0.0,0.0,0.0,0.0,0.0,0.0,1.0,0.0
122,cust0123,25,80953.0,623.0,0.804234427552948,1,1,71588.0,0.43899640686042,17,3,2,2,0,0,2,0,1.0,0.0,0.0,0.0,1.0,0.0,0.0,0.0,0.0
123,cust0124,52,129692.0,522.0,0.769656013185279,0,0,36955.0,0.269624021848022,5,4,1,2,2,1,2,1,0.0,0.0,1.0,0.0,0.0,1.0,0.0,0.0,0.0
124,cust0125,52,199402.0,427.0,0.353398787344671,0,1,45776.0,0.229496251986033,16,2,2,2,1,2,0,0,1.0,0.0,0.0,0.0,1.0,0.0,0.0,0.0,0.0
125,cust0126,50,90880.0,800.0,0.351341999407006,4,1,89537.0,0.25627405946223,13,3,2,2,0,1,2,1,1.0,0.0,0.0,0.0,0.0,0.0,1.0,0.0,0.0
126,cust0127,22,118081.0,623.0,0.381434412524102,4,0,16034.0,0.385020536713123,10,0,1,2,1,0,1,2,1.0,0.0,0.0,0.0,0.0,0.0,1.0,0.0,0.0
127,cust0128,59,115497.0,693.0,0.39853344492229,0,0,89537.0,0.254553905871501,18,1,2,1,1,0,0,1,0.0,0.0,0.0,1.0,0.0,0.0,0.0,0.0,1.0
128,cust0129,56,199402.0,777.0,0.690107601585688,2,1,96507.0,0.332876030034284,1,3,1,0,2,0,0,0,0.0,1.0,0.0,0.0,0.0,0.0,1.0,0.0,0.0
129,cust0130,58,166836.0,781.0,0.585065812095318,5,0,76445.0,0.302780291573994,2,3,2,2,0,0,1,0,0.0,0.0,1.0,0.0,1.0,0.0,0.0,0.0,0.0
130,cust0131,45,187627.0,766.0,0.675415753870117,2,0,20052.0,0.292462038757723,10,4,2,2,2,2,0,1,1.0,0.0,0.0,0.0,0.0,0.0,1.0,0.0,0.0
131,cust0132,24,73141.0,717.0,0.63471302863734,4,0,36913.0,0.370129232675223,5,2,1,1,0,1,0,2,1.0,0.0,0.0,0.0,0.0,1.0,0.0,0.0,0.0
132,cust0133,26,180983.0,427.0,0.842905413638746,3,0,77209.0,0.25214201001358,13,2,0,1,0,1,0,1,0.0,1.0,0.0,0.0,0.0,0.0,1.0,0.0,0.0
133,cust0134,25,168772.0,388.0,0.288122891238171,0,1,94363.0,0.256941343981772,18,1,0,2,2,0,0,0,0.0,0.0,1.0,0.0,0.0,0.0,0.0,0.0,1.0
134,cust0135,29,16252.0,441.0,0.576071706076783,4,0,96056.0,0.379760284999975,15,0,1,2,1,2,0,1,1.0,0.0,0.0,0.0,0.0,0.0,1.0,0.0,0.0
135,cust0136,51,118333.0,346.0,0.0652357487530604,4,0,20081.0,0.201307467583134,6,1,2,2,0,0,0,1,1.0,0.0,0.0,0.0,1.0,0.0,0.0,0.0,0.0
136,cust0137,50,192247.0,387.0,0.236608885180628,5,0,28730.0,0.211977980917767,7,3,0,0,2,0,2,2,0.0,0.0,0.0,1.0,1.0,0.0,0.0,0.0,0.0
137,cust0138,65,199294.0,505.0,0.48502932281303,0,0,85107.0,0.17396857086564,18,3,1,1,0,0,2,2,1.0,0.0,0.0,0.0,0.0,0.0,1.0,0.0,0.0
138,cust0139,72,138961.0,402.0,0.583641322550907,5,1,42556.0,0.384901091327655,19,2,0,2,2,1,1,2,0.0,0.0,0.0,1.0,1.0,0.0,0.0,0.0,0.0
139,cust0140,40,129548.0,794.0,0.479636851594086,0,0,16693.0,0.289476303191873,15,0,2,2,2,1,1,2,1.0,0.0,0.0,0.0,1.0,0.0,0.0,0.0,0.0
140,cust0141,41,58088.0,567.0,0.386561516237464,5,0,10951.0,0.168638485392093,6,4,2,1,0,2,0,2,0.0,0.0,1.0,0.0,0.0,0.0,0.0,0.0,1.0
141,cust0142,54,30485.0,617.0,0.422116424501392,2,0,76861.0,0.385380856230906,8,0,1,2,0,1,0,1,1.0,0.0,0.0,0.0,0.0,1.0,0.0,0.0,0.0
142,cust0143,52,178165.0,823.0,0.77388819528482,3,0,19977.0,0.244445783842456,12,3,2,1,2,0,2,1,0.0,0.0,0.0,1.0,0.0,0.0,0.0,0.0,1.0
143,cust0144,61,77292.0,414.0,0.423193564423971,3,1,60348.0,0.212832192116311,0,4,2,1,0,2,2,2,0.0,0.0,0.0,1.0,0.0,0.0,0.0,1.0,0.0
144,cust0145,57,107658.0,694.0,0.849848324408705,0,0,3494.0,0.280432144112304,7,0,2,0,2,0,1,2,0.0,0.0,0.0,1.0,0.0,0.0,0.0,0.0,1.0
145,cust0146,39,41790.0,681.0,0.658803414708226,1,0,17913.0,0.447872360946789,3,0,0,1,2,1,1,0,0.0,1.0,0.0,0.0,0.0,0.0,1.0,0.0,0.0
146,cust0147,44,31364.0,757.0,0.591507469229646,6,0,10942.0,0.260503780350342,2,4,1,2,1,0,1,2,1.0,0.0,0.0,0.0,0.0,1.0,0.0,0.0,0.0
147,cust0148,52,129692.0,826.0,0.2612806179358,4,1,5539.0,0.357533886411558,2,3,0,1,0,1,1,1,0.0,0.0,1.0,0.0,0.0,0.0,1.0,0.0,0.0
148,cust0149,18,15404.0,588.0,0.687047632279925,4,0,91432.0,0.372708002045095,12,0,2,2,2,1,2,2,1.0,0.0,0.0,0.0,0.0,0.0,0.0,1.0,0.0
149,cust0150,52,32955.0,302.0,0.4012458844503,0,0,19796.0,0.34432732980064,7,4,1,2,2,1,2,1,1.0,0.0,0.0,0.0,0.0,1.0,0.0,0.0,0.0
150,cust0151,54,53513.0,328.0,0.26111204839886,5,0,95276.0,0.427107164967426,6,3,2,1,1,0,1,0,1.0,0.0,0.0,0.0,1.0,0.0,0.0,0.0,0.0
151,cust0152,64,189197.0,524.0,0.602568722615875,1,1,6118.0,0.229288399536772,0,4,2,0,2,1,2,1,0.0,0.0,0.0,1.0,0.0,0.0,0.0,0.0,1.0
152,cust0153,31,97986.0,326.0,0.222410787886692,2,0,34897.0,0.195666515694966,15,4,2,1,0,2,0,0,0.0,0.0,0.0,1.0,0.0,0.0,1.0,0.0,0.0
153,cust0154,20,107658.0,718.0,0.347551707574083,5,0,39006.0,0.1937033343975,5,0,2,0,0,1,1,0,0.0,0.0,0.0,1.0,0.0,0.0,0.0,1.0,0.0
154,cust0155,18,116570.0,823.0,0.497976817706217,5,0,36342.0,0.28555315847002,6,3,0,0,0,1,1,1,1.0,0.0,0.0,0.0,1.0,0.0,0.0,0.0,0.0
155,cust0156,22,119185.0,711.0,0.943684284822945,0,0,44454.0,0.205295334215947,11,0,1,0,2,1,0,0,1.0,0.0,0.0,0.0,0.0,0.0,0.0,0.0,1.0
156,cust0157,43,136465.0,823.0,0.362616848841502,0,0,92381.0,0.314754091186532,8,1,2,1,1,1,1,0,1.0,0.0,0.0,0.0,1.0,0.0,0.0,0.0,0.0
157,cust0158,72,21801.0,805.0,0.408356696139884,4,1,95267.0,0.307698841972489,10,1,2,2,1,1,0,0,0.0,1.0,0.0,0.0,0.0,0.0,0.0,0.0,1.0
158,cust0159,31,15404.0,316.0,0.646469010884329,0,0,71791.0,0.401857330318604,9,3,1,2,2,2,0,2,0.0,0.0,1.0,0.0,0.0,1.0,0.0,0.0,0.0
159,cust0160,56,54081.0,566.0,0.25234086232479,0,0,43927.0,0.329114430823604,0,4,2,1,0,2,1,2,1.0,0.0,0.0,0.0,1.0,0.0,0.0,0.0,0.0
160,cust0161,44,74494.0,319.0,0.588561276204183,0,0,48397.0,0.258384814413855,17,0,2,1,0,2,2,1,1.0,0.0,0.0,0.0,1.0,0.0,0.0,0.0,0.0
161,cust0162,26,89740.0,385.0,0.741185361523317,4,0,96485.0,0.341084920443268,3,0,1,0,0,1,2,1,0.0,1.0,0.0,0.0,1.0,0.0,0.0,0.0,0.0
162,cust0163,32,116570.0,402.0,0.438581023057779,2,0,26000.0,0.196980598010205,4,3,0,0,2,1,1,1,0.0,1.0,0.0,0.0,0.0,1.0,0.0,0.0,0.0
163,cust0164,32,117795.0,670.0,0.705230856279373,2,1,14417.0,0.296185931197568,8,3,0,0,2,0,2,2,0.0,1.0,0.0,0.0,0.0,0.0,0.0,1.0,0.0
164,cust0165,43,97844.0,391.0,0.558289984642361,6,0,45776.0,0.331940123359558,16,1,0,1,1,0,0,1,0.0,0.0,0.0,1.0,0.0,0.0,0.0,0.0,1.0
165,cust0166,59,100999.0,457.0,0.353863607239243,6,0,50989.0,0.312931759815012,2,2,0,0,1,2,1,0,0.0,0.0,1.0,0.0,1.0,0.0,0.0,0.0,0.0
166,cust0167,30,21970.0,328.0,0.460439062820698,0,0,85107.0,0.341506509493598,15,3,2,2,0,0,1,2,1.0,0.0,0.0,0.0,0.0,1.0,0.0,0.0,0.0
167,cust0168,68,185883.0,604.0,0.424048532003951,6,0,13761.0,0.23559539842872,4,2,2,1,0,0,2,1,1.0,0.0,0.0,0.0,0.0,0.0,0.0,1.0,0.0
168,cust0169,49,53513.0,339.0,0.482472348436704,4,0,26549.0,0.415203140280951,15,3,2,1,0,2,0,1,0.0,1.0,0.0,0.0,0.0,0.0,0.0,0.0,1.0
169,cust0170,56,150230.0,766.0,0.530543579843965,2,0,5539.0,0.48221689493957,2,4,2,0,2,2,1,2,1.0,0.0,0.0,0.0,0.0,1.0,0.0,0.0,0.0
170,cust0171,66,38959.0,310.0,0.617639986994371,5,1,67460.0,0.13973238551414,19,4,0,1,1,0,1,2,0.0,0.0,1.0,0.0,0.0,0.0,0.0,0.0,1.0
171,cust0172,69,172504.0,677.0,0.601733649917427,2,0,98999.0,0.178440200404575,14,1,0,2,2,0,2,1,0.0,0.0,1.0,0.0,1.0,0.0,0.0,0.0,0.0
172,cust0173,49,101188.0,818.0,0.05,2,0,74403.0,0.304308300802438,2,1,2,2,0,2,2,1,1.0,0.0,0.0,0.0,0.0,0.0,0.0,1.0,0.0
173,cust0174,21,47217.0,383.0,0.480538362245594,4,1,31316.0,0.274344901944712,19,2,2,1,2,0,0,0,1.0,0.0,0.0,0.0,0.0,1.0,0.0,0.0,0.0
174,cust0175,47,72458.0,407.0,0.198115617318647,6,0,37445.0,0.489641240577278,13,3,1,0,0,1,1,1,1.0,0.0,0.0,0.0,0.0,0.0,0.0,1.0,0.0
175,cust0176,54,76476.0,788.0,0.444854549506534,5,0,69963.0,0.321978432342446,15,0,2,0,1,0,0,1,0.0,0.0,1.0,0.0,1.0,0.0,0.0,0.0,0.0
176,cust0177,40,159356.0,339.0,0.475242082437816,4,0,68636.0,0.439254525372595,16,1,1,2,0,2,0,1,0.0,0.0,1.0,0.0,0.0,0.0,0.0,1.0,0.0
177,cust0178,56,165580.0,447.0,0.695229671616941,0,0,45776.0,0.1,19,0,1,1,1,1,2,2,0.0,0.0,1.0,0.0,0.0,0.0,0.0,1.0,0.0
178,cust0179,62,108610.0,446.0,0.49397690657998,3,0,11061.0,0.381416948333235,17,0,1,1,0,1,2,0,1.0,0.0,0.0,0.0,0.0,0.0,1.0,0.0,0.0
179,cust0180,32,182280.0,467.0,0.551843603668652,2,0,74433.0,0.228448318074167,17,3,1,1,2,1,0,0,0.0,1.0,0.0,0.0,0.0,0.0,0.0,1.0,0.0
180,cust0181,60,127816.0,638.0,0.658611276131485,3,0,50183.0,0.226845743038034,13,2,2,0,1,0,2,1,0.0,1.0,0.0,0.0,0.0,0.0,0.0,0.0,1.0
181,cust0182,46,149415.0,605.0,0.74555045196386,4,0,30549.0,0.275164197358787,17,3,1,1,2,0,0,2,1.0,0.0,0.0,0.0,0.0,1.0,0.0,0.0,0.0
182,cust0183,53,120616.0,469.0,0.475397215328617,4,0,69666.0,0.15754163602689,14,1,1,0,1,0,2,0,0.0,1.0,0.0,0.0,0.0,0.0,1.0,0.0,0.0
183,cust0184,30,199943.0,429.0,0.518835888336081,4,0,10951.0,0.344278552532185,14,0,1,1,1,0,1,0,0.0,0.0,0.0,1.0,0.0,1.0,0.0,0.0,0.0
184,cust0185,49,178551.0,811.0,0.50200466044845,3,0,47721.0,0.319071496671679,5,3,2,1,2,0,1,1,1.0,0.0,0.0,0.0,0.0,1.0,0.0,0.0,0.0
185,cust0186,24,68932.0,792.0,0.391480207113784,4,0,84521.0,0.326619224818727,14,3,2,2,0,1,1,2,0.0,0.0,1.0,0.0,1.0,0.0,0.0,0.0,0.0
186,cust0187,68,23702.0,401.0,0.346176955311522,0,0,31198.0,0.38870310221329,17,3,1,1,0,2,2,2,0.0,1.0,0.0,0.0,1.0,0.0,0.0,0.0,0.0
187,cust0188,39,107658.0,826.0,0.05,4,1,7796.0,0.451478204619415,3,1,0,2,1,2,2,1,1.0,0.0,0.0,0.0,0.0,0.0,1.0,0.0,0.0
188,cust0189,45,67528.0,526.0,0.284667813095134,1,0,64950.0,0.263628895091245,7,2,2,2,2,1,0,1,0.0,1.0,0.0,0.0,1.0,0.0,0.0,0.0,0.0
189,cust0190,19,162851.0,523.0,0.144273833358039,6,0,44437.0,0.347735063973647,14,3,0,2,2,1,2,1,1.0,0.0,0.0,0.0,1.0,0.0,0.0,0.0,0.0
190,cust0191,59,183513.0,800.0,0.75103969689065,3,1,49016.0,0.329298820833497,2,1,0,2,1,1,1,2,0.0,0.0,1.0,0.0,1.0,0.0,0.0,0.0,0.0
191,cust0192,62,42192.0,301.0,0.537683201659485,1,0,45776.0,0.337761450632894,14,0,0,0,1,0,2,1,1.0,0.0,0.0,0.0,0.0,1.0,0.0,0.0,0.0
192,cust0193,74,32019.0,475.0,0.474812205410633,4,0,22835.0,0.339259766446598,12,4,2,2,2,2,0,0,0.0,0.0,1.0,0.0,0.0,0.0,1.0,0.0,0.0
193,cust0194,70,67638.0,612.0,0.356502962783783,0,0,34897.0,0.459050334456483,8,1,0,1,0,0,0,0,1.0,0.0,0.0,0.0,0.0,1.0,0.0,0.0,0.0
194,cust0195,23,198401.0,820.0,0.505955852646924,2,1,42556.0,0.25403231315107,1,4,0,0,0,1,2,1,1.0,0.0,0.0,0.0,0.0,0.0,0.0,0.0,1.0
195,cust0196,45,153429.0,836.0,0.330404024468933,5,0,45776.0,0.147426409679631,7,3,1,2,0,1,1,0,0.0,1.0,0.0,0.0,0.0,1.0,0.0,0.0,0.0
196,cust0197,45,141020.0,670.0,0.53480371132412,6,0,39259.0,0.230212623138411,19,3,2,1,2,0,1,0,0.0,1.0,0.0,0.0,0.0,0.0,0.0,0.0,1.0
197,cust0198,61,59238.0,847.0,0.54914679658427,5,1,22835.0,0.37572669335354,16,1,2,0,0,2,2,2,0.0,0.0,0.0,1.0,0.0,0.0,0.0,1.0,0.0
198,cust0199,61,88847.0,751.0,0.327723259528651,4,0,72809.0,0.302332950864717,12,4,0,1,1,2,0,0,1.0,0.0,0.0,0.0,0.0,0.0,0.0,1.0,0.0
199,cust0200,37,69098.0,648.0,0.323907607035518,6,0,85014.0,0.2532400659505,0,3,1,1,0,2,2,1,0.0,1.0,0.0,0.0,0.0,0.0,0.0,0.0,1.0
200,cust0201,47,62295.0,383.0,0.692439870919023,6,0,49016.0,0.192350273159035,1,0,2,1,1,1,0,2,1.0,0.0,0.0,0.0,0.0,0.0,0.0,0.0,1.0
201,cust0202,28,164143.0,310.0,0.489428009141739,0,0,95376.0,0.322128612173053,14,2,0,0,0,0,2,0,1.0,0.0,0.0,0.0,0.0,1.0,0.0,0.0,0.0
202,cust0203,72,143778.0,352.0,0.343795914147021,6,0,10778.0,0.36445062752738,11,2,0,2,1,1,0,1,1.0,0.0,0.0,0.0,0.0,0.0,0.0,0.0,1.0
203,cust0204,45,154487.0,725.0,0.425898739662096,3,0,95930.0,0.330587205509602,13,3,0,1,1,0,0,0,1.0,0.0,0.0,0.0,0.0,0.0,1.0,0.0,0.0
204,cust0205,42,107658.0,836.0,0.297881182658678,1,0,27697.0,0.274666966884505,1,4,1,0,2,1,1,2,0.0,0.0,0.0,1.0,0.0,0.0,0.0,1.0,0.0
205,cust0206,56,166456.0,522.0,0.486563283867616,1,1,33772.0,0.314664128429746,17,3,2,2,0,1,0,2,0.0,1.0,0.0,0.0,0.0,0.0,0.0,1.0,0.0
206,cust0207,50,36447.0,610.0,0.666325661532893,1,0,42637.0,0.314084296655741,6,4,2,0,0,1,1,1,1.0,0.0,0.0,0.0,0.0,0.0,0.0,0.0,1.0
207,cust0208,18,165159.0,679.0,0.494465866481147,3,0,3081.0,0.318969693121766,5,0,0,0,2,2,1,2,0.0,0.0,1.0,0.0,1.0,0.0,0.0,0.0,0.0
208,cust0209,74,107658.0,709.0,0.972726688735077,5,0,45776.0,0.181569504898087,13,4,2,2,0,0,0,2,1.0,0.0,0.0,0.0,1.0,0.0,0.0,0.0,0.0
209,cust0210,44,40934.0,566.0,0.5842719136098,0,0,8828.0,0.319732635061487,7,3,2,2,2,0,0,0,1.0,0.0,0.0,0.0,0.0,0.0,0.0,0.0,1.0
210,cust0211,74,58088.0,701.0,0.545990889568442,6,0,1217.0,0.25594035315338,1,0,1,2,0,0,2,2,1.0,0.0,0.0,0.0,0.0,0.0,1.0,0.0,0.0
211,cust0212,69,149415.0,618.0,0.318339573806838,3,0,83604.0,0.404061860600975,16,1,1,1,0,2,2,0,0.0,1.0,0.0,0.0,1.0,0.0,0.0,0.0,0.0
212,cust0213,30,84836.0,776.0,0.452293310631466,1,0,82909.0,0.313291864175027,4,2,1,2,1,2,0,2,0.0,0.0,1.0,0.0,0.0,0.0,0.0,0.0,1.0
213,cust0214,58,97986.0,792.0,0.344197231393261,4,0,13761.0,0.383547922182289,13,3,0,1,2,2,1,0,0.0,0.0,0.0,1.0,0.0,0.0,1.0,0.0,0.0
214,cust0215,20,166836.0,600.0,0.0668709543191752,2,0,47695.0,0.269821861295024,19,3,2,0,1,2,2,2,0.0,0.0,0.0,1.0,0.0,0.0,1.0,0.0,0.0
215,cust0216,56,191517.0,781.0,0.694852444425761,6,0,11564.0,0.273428616238854,2,3,1,2,2,2,1,0,0.0,0.0,1.0,0.0,0.0,1.0,0.0,0.0,0.0
216,cust0217,23,38289.0,682.0,0.397709888889953,3,0,43870.0,0.449425124625633,4,0,2,0,2,0,0,0,1.0,0.0,0.0,0.0,0.0,0.0,1.0,0.0,0.0
217,cust0218,25,115497.0,617.0,0.347919985133338,3,0,92149.0,0.34363351884155,15,1,2,1,1,2,0,0,0.0,1.0,0.0,0.0,1.0,0.0,0.0,0.0,0.0
218,cust0219,44,72108.0,339.0,0.542114006791693,0,0,23748.0,0.228548546759426,17,4,2,2,1,0,2,0,1.0,0.0,0.0,0.0,1.0,0.0,0.0,0.0,0.0
219,cust0220,26,54298.0,836.0,0.602499910444303,0,0,15424.0,0.389697443862047,16,1,2,0,1,0,0,0,0.0,0.0,1.0,0.0,0.0,0.0,0.0,0.0,1.0
220,cust0221,54,187312.0,825.0,0.435845033418744,3,0,21613.0,0.246669526657212,10,0,1,0,2,1,0,1,1.0,0.0,0.0,0.0,0.0,0.0,0.0,0.0,1.0
221,cust0222,50,146456.0,768.0,0.499479666478196,1,1,41743.0,0.322569813781152,16,3,1,1,0,0,2,1,1.0,0.0,0.0,0.0,0.0,0.0,1.0,0.0,0.0
222,cust0223,68,52131.0,565.0,0.64923748146288,2,0,24851.0,0.48366746308594,15,2,0,2,1,2,1,1,0.0,0.0,0.0,1.0,0.0,0.0,0.0,1.0,0.0
223,cust0224,59,88963.0,572.0,0.42796128107801,6,0,41958.0,0.156871761236194,1,3,2,0,2,1,0,2,0.0,0.0,1.0,0.0,0.0,1.0,0.0,0.0,0.0
224,cust0225,61,107658.0,535.0,0.560466748352666,0,0,98062.0,0.282421807823346,3,4,1,2,2,1,1,0,0.0,0.0,0.0,1.0,0.0,0.0,0.0,1.0,0.0
225,cust0226,41,180983.0,776.0,0.168151076322169,6,0,14756.0,0.340827164090203,6,2,0,2,2,1,1,1,1.0,0.0,0.0,0.0,0.0,0.0,1.0,0.0,0.0
226,cust0227,32,20569.0,823.0,0.25173620031445,1,0,11061.0,0.376469833466467,1,3,1,1,0,0,2,0,0.0,0.0,0.0,1.0,0.0,0.0,1.0,0.0,0.0
227,cust0228,71,150683.0,820.0,0.62110795561608,6,0,11308.0,0.175876609263912,5,2,0,0,0,2,0,1,0.0,0.0,1.0,0.0,0.0,0.0,0.0,1.0,0.0
228,cust0229,49,107658.0,753.0,0.24128827216654,4,0,62010.0,0.146420973142498,16,1,1,1,2,1,0,0,1.0,0.0,0.0,0.0,0.0,1.0,0.0,0.0,0.0
229,cust0230,49,191615.0,659.0,0.546827509422659,0,1,73327.0,0.409074935199042,6,0,0,0,2,1,0,2,1.0,0.0,0.0,0.0,0.0,0.0,0.0,1.0,0.0
230,cust0231,41,165580.0,629.0,0.470600243560585,1,0,96167.0,0.227958514319616,4,3,1,2,0,1,1,2,0.0,0.0,1.0,0.0,0.0,0.0,0.0,0.0,1.0
231,cust0232,58,70284.0,696.0,0.427106547495954,1,1,2882.0,0.223771749200268,4,4,2,2,1,1,2,1,1.0,0.0,0.0,0.0,1.0,0.0,0.0,0.0,0.0
232,cust0233,69,127816.0,781.0,0.334307446206454,2,0,32588.0,0.455024967277216,19,1,1,2,1,1,0,0,0.0,1.0,0.0,0.0,0.0,0.0,0.0,0.0,1.0
233,cust0234,66,85390.0,617.0,0.681868003621075,2,0,11061.0,0.306970231473182,15,3,1,2,2,0,0,0,0.0,0.0,1.0,0.0,1.0,0.0,0.0,0.0,0.0
234,cust0235,66,74101.0,561.0,0.845978230903967,4,0,42715.0,0.307623822768157,18,1,0,1,0,0,0,0,1.0,0.0,0.0,0.0,0.0,0.0,1.0,0.0,0.0
235,cust0236,69,127816.0,345.0,0.560038432520038,1,0,2926.0,0.282020055484846,8,4,1,1,2,0,1,0,0.0,1.0,0.0,0.0,0.0,1.0,0.0,0.0,0.0
236,cust0237,29,178273.0,363.0,0.564498143134563,5,0,98999.0,0.177601793325683,4,3,2,0,0,2,0,0,0.0,0.0,1.0,0.0,0.0,0.0,0.0,1.0,0.0
237,cust0238,56,61540.0,731.0,0.363533874028501,1,1,75777.0,0.367569694939438,7,4,2,0,2,0,2,2,1.0,0.0,0.0,0.0,0.0,1.0,0.0,0.0,0.0
238,cust0239,19,170576.0,729.0,0.260780553635124,2,0,29561.0,0.340945052192562,8,2,2,1,2,0,0,1,1.0,0.0,0.0,0.0,0.0,0.0,0.0,1.0,0.0
239,cust0240,20,191615.0,332.0,0.492052219038765,5,0,44439.0,0.316869132533943,4,4,2,2,0,2,1,2,1.0,0.0,0.0,0.0,0.0,0.0,0.0,0.0,1.0
240,cust0241,66,138961.0,563.0,0.305250070408384,0,0,33772.0,0.288367696072374,9,2,2,1,0,1,0,0,0.0,0.0,0.0,1.0,0.0,0.0,0.0,0.0,1.0
241,cust0242,54,114657.0,522.0,0.145477974336835,0,0,31481.0,0.270768035066171,1,3,1,0,1,2,0,1,0.0,1.0,0.0,0.0,0.0,0.0,0.0,1.0,0.0
242,cust0243,66,76813.0,749.0,0.660689162473116,6,0,29584.0,0.391248338954741,8,2,2,2,1,1,2,1,1.0,0.0,0.0,0.0,0.0,1.0,0.0,0.0,0.0
243,cust0244,73,48307.0,319.0,0.670433357650366,3,0,45776.0,0.28587069367939,10,3,1,2,1,1,0,1,1.0,0.0,0.0,0.0,0.0,0.0,0.0,1.0,0.0
244,cust0245,34,193677.0,380.0,0.328232245409381,2,0,83604.0,0.293593896146611,3,3,1,2,0,2,0,0,0.0,0.0,0.0,1.0,0.0,0.0,1.0,0.0,0.0
245,cust0246,66,186334.0,521.0,0.548792864255848,3,0,20052.0,0.352989315488377,1,0,0,1,0,0,2,1,1.0,0.0,0.0,0.0,0.0,0.0,0.0,0.0,1.0
246,cust0247,19,74163.0,623.0,0.700390453558353,5,0,15424.0,0.320796093068038,5,3,0,1,0,1,1,2,1.0,0.0,0.0,0.0,0.0,0.0,1.0,0.0,0.0
247,cust0248,19,102235.0,412.0,0.541005337412375,2,1,26649.0,0.464227605754043,13,2,2,1,2,2,2,1,0.0,0.0,1.0,0.0,0.0,0.0,0.0,0.0,1.0
248,cust0249,45,27763.0,655.0,0.261369070780253,4,0,52425.0,0.123863322252669,0,0,2,2,1,1,0,1,1.0,0.0,0.0,0.0,0.0,0.0,0.0,0.0,1.0
249,cust0250,71,39285.0,818.0,0.45342131735258,1,0,99620.0,0.329990743836726,17,0,0,2,0,0,2,2,0.0,1.0,0.0,0.0,1.0,0.0,0.0,0.0,0.0
250,cust0251,40,66991.0,337.0,0.765361884008398,4,0,23431.0,0.229439421952783,6,3,0,0,2,1,1,0,1.0,0.0,0.0,0.0,0.0,0.0,1.0,0.0,0.0
251,cust0252,54,185883.0,663.0,0.549405328721022,5,1,95074.0,0.205791346524507,0,4,0,2,0,1,2,1,1.0,0.0,0.0,0.0,0.0,0.0,1.0,0.0,0.0
252,cust0253,49,119185.0,635.0,0.607826420636561,2,0,31674.0,0.254293579395565,0,4,0,0,1,0,1,2,0.0,0.0,1.0,0.0,1.0,0.0,0.0,0.0,0.0
253,cust0254,50,98042.0,847.0,0.568325843873822,5,1,90739.0,0.305467940848176,0,0,2,0,1,0,0,2,1.0,0.0,0.0,0.0,0.0,1.0,0.0,0.0,0.0
254,cust0255,18,116042.0,544.0,0.328897728404349,1,0,30509.0,0.30990690759234,3,3,0,1,2,2,0,0,0.0,0.0,0.0,1.0,0.0,0.0,1.0,0.0,0.0
255,cust0256,36,95219.0,535.0,0.375830956143471,0,0,41594.0,0.14826937843215,3,4,2,0,0,2,2,1,0.0,0.0,1.0,0.0,0.0,0.0,0.0,1.0,0.0
256,cust0257,19,155734.0,524.0,0.567773031410348,0,0,3142.0,0.245891617032218,17,3,2,2,2,2,1,0,0.0,0.0,0.0,1.0,1.0,0.0,0.0,0.0,0.0
257,cust0258,70,116042.0,608.0,0.663374356004081,5,1,63443.0,0.328122155147645,10,3,1,2,0,1,0,2,0.0,0.0,1.0,0.0,0.0,0.0,1.0,0.0,0.0
258,cust0259,61,109456.0,354.0,0.719980990183576,3,0,8526.0,0.212306954921634,0,0,1,0,2,0,2,0,1.0,0.0,0.0,0.0,0.0,1.0,0.0,0.0,0.0
259,cust0260,43,70284.0,405.0,0.328378891046361,2,0,10778.0,0.188521609528348,9,0,1,0,0,2,0,2,0.0,0.0,0.0,1.0,0.0,0.0,1.0,0.0,0.0
260,cust0261,49,61540.0,777.0,0.586624106935438,2,0,15171.0,0.1,8,1,2,0,1,2,2,1,0.0,0.0,0.0,1.0,0.0,0.0,0.0,0.0,1.0
261,cust0262,23,93752.0,350.0,0.737408822343795,0,0,11942.0,0.233680655162464,3,4,2,0,2,1,0,1,0.0,0.0,0.0,1.0,0.0,0.0,0.0,1.0,0.0
262,cust0263,49,42350.0,341.0,0.302583645942395,6,0,83022.0,0.185037080104918,5,4,1,0,0,1,0,0,0.0,0.0,1.0,0.0,1.0,0.0,0.0,0.0,0.0
263,cust0264,72,97750.0,414.0,0.797349427159954,4,0,72332.0,0.201606711688994,15,4,1,0,1,0,2,0,1.0,0.0,0.0,0.0,0.0,0.0,0.0,0.0,1.0
264,cust0265,21,142016.0,445.0,0.827788165468837,6,1,65548.0,0.272817969672034,1,2,1,2,0,1,1,2,1.0,0.0,0.0,0.0,0.0,1.0,0.0,0.0,0.0
265,cust0266,72,16062.0,584.0,1.02501726792433,1,0,92285.0,0.24001711234571,17,3,0,1,0,0,2,1,0.0,0.0,0.0,1.0,0.0,0.0,0.0,0.0,1.0
266,cust0267,28,75692.0,534.0,0.546186688165998,4,0,48397.0,0.183376210614069,9,0,0,0,1,1,0,1,0.0,1.0,0.0,0.0,0.0,0.0,0.0,0.0,1.0
267,cust0268,73,158087.0,669.0,0.547284935252489,4,0,68998.0,0.1,16,4,1,1,0,2,0,1,1.0,0.0,0.0,0.0,0.0,1.0,0.0,0.0,0.0
268,cust0269,34,53765.0,736.0,0.665398877823463,5,0,52413.0,0.330231130514764,12,1,0,0,2,2,0,1,0.0,1.0,0.0,0.0,0.0,0.0,0.0,0.0,1.0
269,cust0270,55,198062.0,766.0,0.659560534609883,0,0,50989.0,0.375282721380847,17,4,0,0,2,0,1,1,1.0,0.0,0.0,0.0,1.0,0.0,0.0,0.0,0.0
270,cust0271,41,38049.0,648.0,0.725273372199121,6,0,44016.0,0.260325502100562,12,3,1,0,1,2,0,0,1.0,0.0,0.0,0.0,0.0,0.0,1.0,0.0,0.0
271,cust0272,22,166222.0,762.0,0.65680663609302,6,0,29416.0,0.273422430354572,16,3,1,0,0,1,1,1,0.0,0.0,0.0,1.0,0.0,0.0,0.0,0.0,1.0
272,cust0273,69,107658.0,423.0,0.478787618192392,0,1,45776.0,0.300281051568612,4,0,0,1,0,1,0,0,0.0,0.0,0.0,1.0,1.0,0.0,0.0,0.0,0.0
273,cust0274,51,193031.0,670.0,0.7443994241947,6,1,80150.0,0.457878357661225,10,2,2,2,0,0,1,0,0.0,0.0,1.0,0.0,0.0,0.0,1.0,0.0,0.0
274,cust0275,23,189358.0,823.0,0.285749170061454,0,0,2687.0,0.143229220617422,6,0,1,2,2,1,1,1,1.0,0.0,0.0,0.0,0.0,0.0,1.0,0.0,0.0
275,cust0276,39,101188.0,694.0,0.501170467345075,5,1,23685.0,0.258551027412743,9,4,1,1,2,1,2,0,1.0,0.0,0.0,0.0,0.0,0.0,0.0,0.0,1.0
276,cust0277,28,107658.0,421.0,0.812747123209959,3,0,77719.0,0.127802703586728,16,1,2,0,0,1,0,2,0.0,0.0,0.0,1.0,1.0,0.0,0.0,0.0,0.0
277,cust0278,65,54749.0,407.0,0.249950700375936,4,0,44439.0,0.336231845873555,14,0,0,0,2,2,2,1,1.0,0.0,0.0,0.0,0.0,0.0,0.0,0.0,1.0
278,cust0279,33,107658.0,418.0,0.364504868600567,5,0,37905.0,0.285604160621198,17,2,0,2,1,0,0,2,0.0,0.0,0.0,1.0,0.0,1.0,0.0,0.0,0.0
279,cust0280,50,65990.0,622.0,0.634349458215458,2,0,99005.0,0.320299211293607,18,0,0,0,0,0,1,0,1.0,0.0,0.0,0.0,0.0,0.0,1.0,0.0,0.0
280,cust0281,26,42350.0,825.0,0.57878239464723,1,0,46813.0,0.315312256259107,1,3,1,1,1,0,0,1,1.0,0.0,0.0,0.0,0.0,0.0,0.0,0.0,1.0
281,cust0282,23,42350.0,823.0,0.324994918468751,3,1,45776.0,0.399070825370351,3,4,2,0,0,1,1,0,0.0,0.0,0.0,1.0,0.0,0.0,1.0,0.0,0.0
282,cust0283,33,116570.0,452.0,0.416761199453971,2,0,50989.0,0.353813296456846,2,4,0,2,0,2,1,0,1.0,0.0,0.0,0.0,1.0,0.0,0.0,0.0,0.0
283,cust0284,46,159572.0,724.0,0.263843587469932,4,1,74433.0,0.383050795766008,6,4,2,2,2,2,1,0,1.0,0.0,0.0,0.0,0.0,0.0,0.0,1.0,0.0
284,cust0285,20,116570.0,739.0,0.696096999904114,6,0,52331.0,0.193446531010305,17,4,1,1,2,1,1,0,0.0,1.0,0.0,0.0,0.0,0.0,0.0,0.0,1.0
285,cust0286,37,190333.0,700.0,0.448823728465893,0,0,41958.0,0.419317086497514,9,4,1,0,2,2,1,2,1.0,0.0,0.0,0.0,0.0,0.0,0.0,0.0,1.0
286,cust0287,53,32955.0,482.0,0.858431182152126,4,1,45089.0,0.2277637260511,6,4,0,0,1,1,1,0,1.0,0.0,0.0,0.0,0.0,0.0,1.0,0.0,0.0
287,cust0288,36,141131.0,385.0,0.516220048808004,5,0,63375.0,0.233513045737601,7,1,2,0,1,2,2,2,1.0,0.0,0.0,0.0,1.0,0.0,0.0,0.0,0.0
288,cust0289,43,68682.0,579.0,0.456051939319424,1,0,86965.0,0.327084257735299,5,2,0,2,1,1,2,0,0.0,1.0,0.0,0.0,0.0,1.0,0.0,0.0,0.0
289,cust0290,20,16062.0,658.0,0.43663564774164,5,0,67673.0,0.330191826304927,0,4,1,2,2,0,1,2,0.0,0.0,1.0,0.0,1.0,0.0,0.0,0.0,0.0
290,cust0291,36,107658.0,836.0,0.451160032961514,3,0,70406.0,0.192814319776752,3,2,1,1,1,1,1,1,1.0,0.0,0.0,0.0,0.0,0.0,0.0,0.0,1.0
291,cust0292,37,155734.0,315.0,0.52216421902676,3,0,84521.0,0.28267207082261,13,4,0,1,0,2,0,0,0.0,1.0,0.0,0.0,0.0,1.0,0.0,0.0,0.0
292,cust0293,49,38061.0,316.0,1.00248151531566,1,0,95267.0,0.448823531686947,16,0,1,1,1,1,0,0,1.0,0.0,0.0,0.0,1.0,0.0,0.0,0.0,0.0
293,cust0294,24,107658.0,436.0,0.432228065980128,2,0,45595.0,0.15316634384659,19,4,1,1,2,0,2,0,1.0,0.0,0.0,0.0,0.0,0.0,0.0,1.0,0.0
294,cust0295,69,43251.0,515.0,0.438729307845738,2,1,52331.0,0.448521924101272,17,3,0,0,2,1,1,2,1.0,0.0,0.0,0.0,0.0,0.0,1.0,0.0,0.0
295,cust0296,58,90353.0,658.0,0.513118769136635,3,0,82714.0,0.275830154858351,10,1,0,0,1,0,1,0,1.0,0.0,0.0,0.0,1.0,0.0,0.0,0.0,0.0
296,cust0297,50,81234.0,310.0,0.718054901268852,3,0,79552.0,0.1,13,0,2,2,2,2,0,2,0.0,0.0,1.0,0.0,1.0,0.0,0.0,0.0,0.0
297,cust0298,57,19835.0,793.0,0.215803087785444,6,0,41653.0,0.163326826651709,8,0,1,2,1,2,0,0,0.0,0.0,0.0,1.0,0.0,0.0,0.0,1.0,0.0
298,cust0299,56,107658.0,673.0,0.591018547381929,0,1,89660.0,0.20365224622648,14,3,1,0,2,1,0,2,0.0,1.0,0.0,0.0,0.0,0.0,0.0,0.0,1.0
299,cust0300,35,107658.0,321.0,0.336514964795767,6,0,62342.0,0.237607069921725,11,4,0,1,1,1,0,2,1.0,0.0,0.0,0.0,0.0,0.0,1.0,0.0,0.0
300,cust0301,57,159188.0,415.0,0.610654537790189,6,0,52259.0,0.289528674137466,9,1,0,1,1,0,2,1,1.0,0.0,0.0,0.0,1.0,0.0,0.0,0.0,0.0
301,cust0302,18,70479.0,834.0,0.401248011527908,2,0,82789.0,0.1,18,0,0,1,1,1,0,1,0.0,0.0,1.0,0.0,0.0,1.0,0.0,0.0,0.0
302,cust0303,28,119573.0,700.0,0.05,1,0,52217.0,0.318680439247765,18,1,0,1,1,0,2,0,1.0,0.0,0.0,0.0,1.0,0.0,0.0,0.0,0.0
303,cust0304,45,81234.0,584.0,0.573915520537497,2,0,9859.0,0.194490949167511,5,0,1,1,0,0,0,1,1.0,0.0,0.0,0.0,0.0,0.0,1.0,0.0,0.0
304,cust0305,74,149415.0,591.0,0.572228954069373,0,0,52217.0,0.439052257160105,19,4,1,0,2,2,2,1,1.0,0.0,0.0,0.0,1.0,0.0,0.0,0.0,0.0
305,cust0306,42,136465.0,595.0,0.384183938304114,5,0,75316.0,0.272982327925602,5,0,1,1,1,2,0,2,1.0,0.0,0.0,0.0,0.0,0.0,0.0,1.0,0.0
306,cust0307,67,53494.0,591.0,0.372331227971399,3,0,12176.0,0.394284617173272,7,0,2,2,1,0,1,2,0.0,0.0,1.0,0.0,1.0,0.0,0.0,0.0,0.0
307,cust0308,40,107658.0,307.0,0.237725454982469,3,0,71588.0,0.411034897991429,0,2,0,1,2,0,0,0,0.0,1.0,0.0,0.0,1.0,0.0,0.0,0.0,0.0
308,cust0309,48,70479.0,385.0,0.654619988307774,0,1,99005.0,0.408327324346621,16,4,0,1,2,1,1,2,0.0,1.0,0.0,0.0,0.0,1.0,0.0,0.0,0.0
309,cust0310,47,90697.0,682.0,0.676443156493361,6,1,46720.0,0.243359325703751,16,3,1,0,0,1,2,1,1.0,0.0,0.0,0.0,0.0,0.0,0.0,1.0,0.0
310,cust0311,59,19835.0,374.0,0.324189822964822,1,0,82909.0,0.242079984227867,14,3,1,1,2,0,1,2,1.0,0.0,0.0,0.0,0.0,0.0,0.0,1.0,0.0
311,cust0312,52,176426.0,320.0,0.392013108092229,3,1,31674.0,0.277502670071168,6,4,0,1,0,0,1,0,1.0,0.0,0.0,0.0,1.0,0.0,0.0,0.0,0.0
312,cust0313,24,194208.0,321.0,0.487342175772207,4,0,62253.0,0.363623737537892,18,3,0,2,2,2,1,1,0.0,0.0,0.0,1.0,0.0,1.0,0.0,0.0,0.0
313,cust0314,33,181267.0,494.0,0.954173056207109,6,0,15938.0,0.248930473024583,2,4,2,0,1,2,1,2,0.0,1.0,0.0,0.0,1.0,0.0,0.0,0.0,0.0
314,cust0315,43,77292.0,316.0,0.609024349517786,3,0,612.0,0.288073752640975,10,3,1,1,0,0,1,1,1.0,0.0,0.0,0.0,1.0,0.0,0.0,0.0,0.0
315,cust0316,65,32019.0,419.0,0.311316896998324,4,0,13355.0,0.327359381633944,19,2,1,2,1,2,2,2,0.0,0.0,0.0,1.0,0.0,0.0,1.0,0.0,0.0
316,cust0317,74,102235.0,557.0,0.560756061898101,0,0,10778.0,0.209510807395213,18,3,2,2,1,0,0,2,1.0,0.0,0.0,0.0,0.0,0.0,1.0,0.0,0.0
317,cust0318,69,120891.0,749.0,0.224661691872383,0,1,66118.0,0.203189171167088,8,0,2,1,2,2,0,1,0.0,0.0,1.0,0.0,0.0,1.0,0.0,0.0,0.0
318,cust0319,66,33017.0,625.0,0.643598061983234,6,0,30443.0,0.2841736118596,9,4,0,0,0,1,2,2,0.0,1.0,0.0,0.0,0.0,0.0,0.0,0.0,1.0
319,cust0320,19,53765.0,446.0,0.835109478708897,3,1,86846.0,0.297417881495164,1,1,1,0,2,2,0,2,1.0,0.0,0.0,0.0,0.0,0.0,1.0,0.0,0.0
320,cust0321,18,53513.0,391.0,0.835958337016791,2,0,82382.0,0.343388548000164,0,1,0,2,1,0,0,1,0.0,0.0,0.0,1.0,0.0,0.0,0.0,0.0,1.0
321,cust0322,65,184160.0,316.0,0.646978700694867,4,0,95303.0,0.367188657495155,15,4,1,2,2,1,1,2,0.0,1.0,0.0,0.0,0.0,0.0,0.0,1.0,0.0
322,cust0323,29,70393.0,715.0,0.383317528826374,1,0,87110.0,0.190093717942835,17,2,0,2,0,0,0,2,1.0,0.0,0.0,0.0,0.0,0.0,1.0,0.0,0.0
323,cust0324,22,193352.0,471.0,0.239819648697174,3,0,80430.0,0.218791506805643,16,3,2,2,2,2,0,2,0.0,0.0,1.0,0.0,0.0,0.0,1.0,0.0,0.0
324,cust0325,54,137402.0,358.0,0.219958991326178,1,0,32615.0,0.202924771243689,5,2,0,2,0,1,2,1,0.0,0.0,0.0,1.0,0.0,1.0,0.0,0.0,0.0
325,cust0326,49,18709.0,534.0,0.05,3,0,62561.0,0.441244740159142,13,1,2,0,2,0,0,0,1.0,0.0,0.0,0.0,0.0,0.0,0.0,0.0,1.0
326,cust0327,72,153311.0,696.0,0.638771152601584,2,0,3081.0,0.287972940979746,14,4,1,1,0,2,0,1,1.0,0.0,0.0,0.0,0.0,0.0,1.0,0.0,0.0
327,cust0328,26,106267.0,471.0,0.47943289595512,2,0,43927.0,0.301612929524502,13,4,0,0,0,1,0,0,1.0,0.0,0.0,0.0,0.0,0.0,1.0,0.0,0.0
328,cust0329,58,179506.0,461.0,0.681843233290625,6,0,32615.0,0.305777436401351,2,2,2,0,1,0,2,1,0.0,0.0,0.0,1.0,0.0,1.0,0.0,0.0,0.0
329,cust0330,52,26174.0,556.0,0.785606297046957,6,0,92183.0,0.228432998628236,18,2,1,2,2,1,2,2,0.0,0.0,0.0,1.0,0.0,1.0,0.0,0.0,0.0
330,cust0331,36,43251.0,644.0,0.519981108780482,2,0,39259.0,0.456426951894603,11,3,2,0,0,2,0,1,1.0,0.0,0.0,0.0,0.0,0.0,0.0,0.0,1.0
331,cust0332,65,81234.0,326.0,0.52919232194263,5,0,17023.0,0.341102665481872,1,0,2,1,1,1,0,2,1.0,0.0,0.0,0.0,0.0,0.0,0.0,1.0,0.0
332,cust0333,33,85640.0,522.0,0.407135931100506,2,0,80150.0,0.303959052977794,2,0,0,1,1,0,2,1,1.0,0.0,0.0,0.0,0.0,0.0,0.0,1.0,0.0
333,cust0334,20,67638.0,498.0,0.430783116565518,0,0,27446.0,0.189474357884943,17,3,0,1,2,2,2,0,1.0,0.0,0.0,0.0,1.0,0.0,0.0,0.0,0.0
334,cust0335,37,81234.0,339.0,0.645693982494586,0,1,91557.0,0.183806750834375,0,0,2,2,1,2,0,1,1.0,0.0,0.0,0.0,0.0,0.0,1.0,0.0,0.0
335,cust0336,41,159356.0,658.0,0.465124993926937,5,0,44449.0,0.269109246839423,19,1,0,0,1,0,0,1,0.0,1.0,0.0,0.0,0.0,0.0,0.0,0.0,1.0
336,cust0337,71,150230.0,627.0,0.436198466649435,4,1,31316.0,0.230000820642817,5,0,2,1,2,2,2,1,1.0,0.0,0.0,0.0,0.0,0.0,1.0,0.0,0.0
337,cust0338,73,120570.0,820.0,0.496336628111429,1,0,61186.0,0.193255565445344,4,3,2,0,1,1,2,0,0.0,0.0,1.0,0.0,0.0,0.0,0.0,0.0,1.0
338,cust0339,50,117795.0,591.0,0.677266039212318,3,1,51016.0,0.262904198042844,0,0,1,0,0,1,0,1,0.0,0.0,0.0,1.0,0.0,0.0,0.0,0.0,1.0
339,cust0340,41,62295.0,715.0,0.361467688433979,3,1,86488.0,0.278357197172411,18,4,1,1,2,0,1,0,0.0,0.0,1.0,0.0,0.0,0.0,0.0,0.0,1.0
340,cust0341,69,70479.0,361.0,0.486694296489593,5,0,11308.0,0.314178542046026,0,2,2,1,1,0,1,0,0.0,1.0,0.0,0.0,0.0,0.0,1.0,0.0,0.0
341,cust0342,28,166836.0,495.0,0.549055567555686,0,0,62253.0,0.249608052862573,15,1,0,0,2,1,1,0,0.0,1.0,0.0,0.0,0.0,1.0,0.0,0.0,0.0
342,cust0343,66,18267.0,541.0,0.732044380717047,6,0,45776.0,0.199239930533996,11,4,1,2,0,1,0,2,1.0,0.0,0.0,0.0,0.0,0.0,1.0,0.0,0.0
343,cust0344,25,118333.0,486.0,0.452140644640116,3,0,72809.0,0.202707911400875,7,4,2,2,2,2,0,1,1.0,0.0,0.0,0.0,0.0,0.0,0.0,0.0,1.0
344,cust0345,53,119573.0,465.0,0.356435322789655,0,0,89660.0,0.421297272922618,15,3,2,0,2,2,2,1,1.0,0.0,0.0,0.0,1.0,0.0,0.0,0.0,0.0
345,cust0346,55,136790.0,655.0,0.403127811145528,4,0,42551.0,0.174824231363825,0,2,2,2,2,1,0,0,1.0,0.0,0.0,0.0,0.0,0.0,0.0,1.0,0.0
346,cust0347,57,117023.0,700.0,0.710611486603075,1,0,89537.0,0.336318229829127,3,2,2,1,0,0,0,0,1.0,0.0,0.0,0.0,0.0,0.0,0.0,0.0,1.0
347,cust0348,37,112007.0,416.0,0.906661059720693,4,0,56061.0,0.351954632977439,9,1,1,2,1,2,1,2,0.0,1.0,0.0,0.0,1.0,0.0,0.0,0.0,0.0
348,cust0349,52,99665.0,789.0,0.237248437262793,5,0,76567.0,0.287872452416433,10,3,0,2,0,0,2,2,0.0,0.0,1.0,0.0,0.0,1.0,0.0,0.0,0.0
349,cust0350,65,38289.0,493.0,0.280939676986028,2,0,79013.0,0.476782905840517,16,1,2,0,1,1,2,1,0.0,0.0,1.0,0.0,0.0,0.0,0.0,0.0,1.0
350,cust0351,42,167424.0,341.0,0.46624064265957,2,1,52259.0,0.350171899302769,6,0,0,2,1,2,1,0,0.0,0.0,1.0,0.0,1.0,0.0,0.0,0.0,0.0
351,cust0352,52,98613.0,820.0,0.522191219213608,2,0,2200.0,0.484290304830465,11,4,0,1,1,1,1,0,0.0,0.0,1.0,0.0,0.0,0.0,0.0,0.0,1.0
352,cust0353,42,176426.0,736.0,0.657393913110999,4,0,47695.0,0.234893599808512,6,1,0,0,1,1,2,0,1.0,0.0,0.0,0.0,0.0,0.0,1.0,0.0,0.0
353,cust0354,46,33017.0,622.0,0.321773398279702,3,0,86828.0,0.236605459010658,11,4,2,0,2,0,0,1,0.0,0.0,1.0,0.0,1.0,0.0,0.0,0.0,0.0
354,cust0355,35,52744.0,700.0,0.287378192670107,1,0,24623.0,0.352753715868001,14,3,0,2,0,2,2,1,1.0,0.0,0.0,0.0,0.0,0.0,1.0,0.0,0.0
355,cust0356,63,149415.0,385.0,0.527617430626726,2,1,4265.0,0.273853436268079,1,0,2,2,0,1,0,1,1.0,0.0,0.0,0.0,0.0,0.0,1.0,0.0,0.0
356,cust0357,35,32955.0,359.0,0.448319855958566,5,1,77348.0,0.468566542489201,13,3,0,2,0,2,1,0,0.0,0.0,1.0,0.0,1.0,0.0,0.0,0.0,0.0
357,cust0358,19,36677.0,611.0,0.685344199554305,5,1,11251.0,0.334170038363093,12,0,0,2,1,2,1,2,1.0,0.0,0.0,0.0,0.0,0.0,0.0,1.0,0.0
358,cust0359,71,198062.0,538.0,0.597471960638076,2,0,25807.0,0.195542578014328,3,0,2,2,0,0,2,0,0.0,0.0,0.0,1.0,1.0,0.0,0.0,0.0,0.0
359,cust0360,52,137402.0,617.0,0.611075869526643,2,0,78035.0,0.126318359145597,13,4,0,2,2,0,1,1,0.0,0.0,0.0,1.0,0.0,0.0,0.0,1.0,0.0
360,cust0361,33,38524.0,311.0,0.479103730724626,1,0,68998.0,0.292176140765673,13,3,2,0,1,2,2,0,0.0,0.0,0.0,1.0,0.0,0.0,0.0,0.0,1.0
361,cust0362,58,180421.0,679.0,0.971116051713641,2,0,53553.0,0.291087687046676,15,3,1,0,1,2,2,1,1.0,0.0,0.0,0.0,0.0,0.0,0.0,0.0,1.0
362,cust0363,53,107193.0,316.0,0.332450403681248,1,1,86447.0,0.331376592330838,6,1,0,0,0,0,1,0,0.0,0.0,1.0,0.0,1.0,0.0,0.0,0.0,0.0
363,cust0364,50,21949.0,682.0,0.622161966750955,5,0,31449.0,0.42106905737559,18,3,1,2,2,1,0,1,0.0,1.0,0.0,0.0,0.0,0.0,0.0,0.0,1.0
364,cust0365,21,34870.0,622.0,0.246062002585378,2,0,13761.0,0.407911330399392,1,1,0,2,1,1,2,1,0.0,1.0,0.0,0.0,0.0,1.0,0.0,0.0,0.0
365,cust0366,50,59811.0,475.0,0.285306464452109,4,0,23125.0,0.242109896766356,9,2,0,2,1,0,0,2,0.0,1.0,0.0,0.0,0.0,0.0,1.0,0.0,0.0
366,cust0367,31,42350.0,389.0,0.378530880246909,6,0,50310.0,0.170618059819557,17,2,0,2,2,0,1,1,1.0,0.0,0.0,0.0,0.0,0.0,1.0,0.0,0.0
367,cust0368,38,118081.0,523.0,0.825864667323605,4,0,74288.0,0.176587886499092,16,2,1,0,1,1,2,0,1.0,0.0,0.0,0.0,0.0,0.0,0.0,1.0,0.0
368,cust0369,65,28807.0,728.0,0.552778886090803,5,0,24670.0,0.226319829467862,4,3,1,2,0,2,2,2,1.0,0.0,0.0,0.0,0.0,0.0,0.0,0.0,1.0
369,cust0370,37,107658.0,459.0,0.381904386291124,1,0,62561.0,0.263326845196098,11,3,2,0,2,1,1,0,1.0,0.0,0.0,0.0,0.0,0.0,0.0,1.0,0.0
370,cust0371,73,107658.0,384.0,0.574887265190914,4,0,91970.0,0.330506213896516,5,1,1,1,1,0,0,0,0.0,0.0,0.0,1.0,0.0,0.0,1.0,0.0,0.0
371,cust0372,25,90353.0,643.0,0.507029576284901,1,0,88423.0,0.219903240310402,8,0,0,1,0,2,0,1,0.0,0.0,0.0,1.0,0.0,0.0,1.0,0.0,0.0
372,cust0373,24,42350.0,664.0,0.401605326172176,4,0,11251.0,0.328039197111331,19,1,1,2,2,1,0,1,0.0,1.0,0.0,0.0,0.0,0.0,0.0,0.0,1.0
373,cust0374,20,76813.0,693.0,0.220674228842354,4,0,85678.0,0.336204014585905,0,2,2,2,2,0,1,1,0.0,1.0,0.0,0.0,0.0,1.0,0.0,0.0,0.0
374,cust0375,34,101900.0,648.0,0.787708496902458,1,1,48942.0,0.314334388259588,14,1,0,0,0,0,2,0,0.0,0.0,0.0,1.0,0.0,1.0,0.0,0.0,0.0
375,cust0376,50,107658.0,773.0,0.541963625742008,3,0,7468.0,0.18713770029873,5,0,0,0,1,2,0,1,0.0,0.0,1.0,0.0,0.0,0.0,0.0,0.0,1.0
376,cust0377,65,107658.0,781.0,0.934747674693647,4,0,26000.0,0.346782672523595,18,3,2,1,2,1,2,2,1.0,0.0,0.0,0.0,0.0,0.0,0.0,0.0,1.0
377,cust0378,29,68932.0,535.0,0.688064324108176,2,0,82909.0,0.508126962876672,17,1,1,1,2,0,2,1,1.0,0.0,0.0,0.0,0.0,0.0,0.0,1.0,0.0
379,cust0380,39,150230.0,742.0,0.412959134276606,5,1,33472.0,0.1,12,2,1,1,2,0,0,1,1.0,0.0,0.0,0.0,0.0,1.0,0.0,0.0,0.0
380,cust0381,72,100999.0,823.0,0.280930887228616,3,0,13355.0,0.42408795720469,0,3,1,2,1,0,1,2,0.0,0.0,0.0,1.0,0.0,0.0,0.0,0.0,1.0
381,cust0382,39,88963.0,310.0,0.45645380310231,1,0,6118.0,0.229725222330061,12,1,0,2,2,1,1,2,1.0,0.0,0.0,0.0,0.0,0.0,0.0,1.0,0.0
382,cust0383,63,120616.0,345.0,0.275141481158833,3,0,98999.0,0.526571269049569,6,0,1,1,0,0,1,0,0.0,0.0,0.0,1.0,0.0,0.0,0.0,1.0,0.0
383,cust0384,47,61540.0,414.0,0.63003807614615,0,0,37658.0,0.311636345136596,14,3,2,0,0,1,2,0,1.0,0.0,0.0,0.0,0.0,0.0,0.0,1.0,0.0
384,cust0385,55,53756.0,611.0,0.826530499539426,0,0,94309.0,0.131529930601417,11,1,0,1,1,0,2,0,0.0,0.0,0.0,1.0,0.0,0.0,0.0,1.0,0.0
385,cust0386,55,109297.0,806.0,0.447817546776573,4,0,33354.0,0.1,0,4,0,0,2,1,1,2,1.0,0.0,0.0,0.0,1.0,0.0,0.0,0.0,0.0
386,cust0387,62,107658.0,383.0,0.688898194478239,4,0,48942.0,0.453974076267587,14,2,1,0,1,0,0,2,1.0,0.0,0.0,0.0,0.0,0.0,0.0,0.0,1.0
387,cust0388,68,53304.0,469.0,0.362154185956628,2,0,31674.0,0.410590498591727,3,0,0,1,2,1,2,0,0.0,1.0,0.0,0.0,0.0,0.0,1.0,0.0,0.0
388,cust0389,71,173427.0,550.0,0.439506632358529,6,0,3081.0,0.522601888576669,12,0,0,2,0,1,0,0,1.0,0.0,0.0,0.0,0.0,0.0,0.0,0.0,1.0
389,cust0390,25,140917.0,725.0,0.337007203086911,5,1,16454.0,0.301092448557355,4,0,2,0,1,0,0,0,1.0,0.0,0.0,0.0,1.0,0.0,0.0,0.0,0.0
390,cust0391,44,96317.0,685.0,0.0733733929858979,3,0,63375.0,0.294347011662031,1,2,1,1,0,0,2,0,0.0,0.0,1.0,0.0,0.0,0.0,0.0,1.0,0.0
391,cust0392,44,93832.0,459.0,0.492693330016277,0,0,11587.0,0.261728120784144,0,1,1,2,1,1,1,0,0.0,0.0,0.0,1.0,1.0,0.0,0.0,0.0,0.0
392,cust0393,51,31896.0,834.0,0.52569034751955,4,0,49798.0,0.234170975874077,15,3,1,0,2,2,0,1,0.0,0.0,1.0,0.0,0.0,1.0,0.0,0.0,0.0
393,cust0394,38,107658.0,622.0,0.713172199752327,5,0,44454.0,0.260757044554218,5,1,2,0,1,2,0,2,0.0,0.0,0.0,1.0,0.0,1.0,0.0,0.0,0.0
394,cust0395,47,70284.0,528.0,0.659087650533857,3,0,30575.0,0.321746333232402,15,3,2,1,2,2,0,0,0.0,1.0,0.0,0.0,0.0,0.0,0.0,0.0,1.0
395,cust0396,50,72043.0,308.0,0.661790579807799,4,0,45776.0,0.215609921308789,13,0,2,2,2,0,0,1,1.0,0.0,0.0,0.0,0.0,0.0,0.0,0.0,1.0
396,cust0397,45,183152.0,656.0,0.305192755376424,4,0,24835.0,0.133071065312601,2,1,2,1,2,0,2,1,0.0,1.0,0.0,0.0,0.0,0.0,1.0,0.0,0.0
397,cust0398,64,170576.0,337.0,0.591899461214138,0,0,19733.0,0.315987663401417,14,0,1,0,0,1,2,0,1.0,0.0,0.0,0.0,0.0,0.0,1.0,0.0,0.0
398,cust0399,50,198401.0,523.0,0.816518793096318,0,0,52217.0,0.213380440130656,2,4,1,0,0,0,1,2,0.0,1.0,0.0,0.0,0.0,1.0,0.0,0.0,0.0
399,cust0400,22,86726.0,584.0,0.575973570141816,4,0,60278.0,0.1,1,0,2,1,2,1,0,2,0.0,1.0,0.0,0.0,0.0,0.0,0.0,1.0,0.0
400,cust0401,65,180421.0,762.0,0.865718722612999,1,0,91557.0,0.355256739065701,0,0,0,0,2,2,0,1,1.0,0.0,0.0,0.0,1.0,0.0,0.0,0.0,0.0
401,cust0402,36,107658.0,306.0,0.903793222223972,4,0,55345.0,0.189194096188297,8,3,2,0,0,2,1,1,0.0,0.0,0.0,1.0,0.0,0.0,1.0,0.0,0.0
402,cust0403,21,57318.0,770.0,0.44630634594167,5,1,3091.0,0.366178945469073,8,4,2,2,2,1,1,2,1.0,0.0,0.0,0.0,0.0,0.0,1.0,0.0,0.0
403,cust0404,52,38524.0,563.0,0.360612050983885,4,0,32207.0,0.363784810651598,6,0,2,2,0,2,1,0,1.0,0.0,0.0,0.0,0.0,0.0,0.0,1.0,0.0
404,cust0405,66,161377.0,380.0,0.347707566916209,2,0,98999.0,0.328359001152283,2,0,1,2,2,2,0,0,0.0,1.0,0.0,0.0,0.0,0.0,0.0,1.0,0.0
405,cust0406,34,119573.0,360.0,0.196772835979355,6,0,90739.0,0.549681784035649,17,4,0,1,1,1,0,1,1.0,0.0,0.0,0.0,0.0,0.0,0.0,0.0,1.0
406,cust0407,61,167617.0,638.0,0.396319420116895,2,0,85780.0,0.286194815002762,10,4,0,2,0,2,2,1,0.0,1.0,0.0,0.0,1.0,0.0,0.0,0.0,0.0
407,cust0408,45,107658.0,627.0,0.741533089951249,2,0,44303.0,0.271436043250141,6,1,2,0,2,1,0,0,1.0,0.0,0.0,0.0,0.0,0.0,0.0,1.0,0.0
408,cust0409,47,71570.0,341.0,0.0591924849497519,1,0,39582.0,0.368367242141691,8,3,2,1,1,1,2,1,0.0,0.0,1.0,0.0,0.0,0.0,1.0,0.0,0.0
409,cust0410,46,165580.0,734.0,0.29250931985725,1,0,1217.0,0.29445526378862,0,4,2,1,0,2,0,2,1.0,0.0,0.0,0.0,0.0,0.0,1.0,0.0,0.0
410,cust0411,63,154487.0,595.0,0.4745737116696,4,0,89616.0,0.4160493537394,13,4,2,0,0,0,1,0,1.0,0.0,0.0,0.0,0.0,1.0,0.0,0.0,0.0
411,cust0412,70,130359.0,835.0,0.32456295987566,2,0,47906.0,0.173119409242447,19,2,0,2,1,1,1,0,1.0,0.0,0.0,0.0,0.0,0.0,0.0,1.0,0.0
412,cust0413,23,58919.0,784.0,0.394542811151955,1,0,45776.0,0.174782555253565,5,4,0,2,1,0,2,1,1.0,0.0,0.0,0.0,0.0,0.0,0.0,0.0,1.0
413,cust0414,52,109074.0,401.0,0.397534065115539,0,0,61210.0,0.376580949132621,6,3,1,0,2,2,0,0,0.0,1.0,0.0,0.0,1.0,0.0,0.0,0.0,0.0
414,cust0415,58,152326.0,474.0,0.44849195598765,4,1,5626.0,0.183518906066139,9,0,2,0,1,0,2,1,0.0,0.0,0.0,1.0,0.0,0.0,0.0,0.0,1.0
415,cust0416,54,40934.0,694.0,0.354109060778052,5,0,62561.0,0.360909860644271,6,0,0,1,1,2,0,1,0.0,0.0,0.0,1.0,0.0,0.0,1.0,0.0,0.0
416,cust0417,41,126888.0,793.0,0.33775735722889,6,0,63412.0,0.337000284621036,1,0,1,2,2,1,0,1,0.0,0.0,0.0,1.0,0.0,0.0,0.0,0.0,1.0
417,cust0418,46,73243.0,595.0,0.686861949184246,3,0,62253.0,0.230551171397233,3,0,1,1,1,2,2,1,0.0,1.0,0.0,0.0,0.0,0.0,1.0,0.0,0.0
418,cust0419,66,107658.0,452.0,0.709930835572069,4,0,46333.0,0.336717016023343,16,2,1,1,1,1,2,2,1.0,0.0,0.0,0.0,0.0,0.0,1.0,0.0,0.0
419,cust0420,63,65990.0,766.0,0.223891330950518,3,0,62253.0,0.176540755421576,0,4,1,1,1,2,2,0,0.0,0.0,0.0,1.0,0.0,0.0,1.0,0.0,0.0
420,cust0421,70,180983.0,711.0,0.05,2,0,73733.0,0.200010007373629,9,0,0,0,1,0,2,0,0.0,0.0,1.0,0.0,0.0,0.0,1.0,0.0,0.0
421,cust0422,48,196415.0,415.0,0.712674969914186,6,0,95276.0,0.276281226158793,18,1,2,1,1,2,0,0,1.0,0.0,0.0,0.0,0.0,0.0,1.0,0.0,0.0
422,cust0423,52,179506.0,398.0,0.254239916289572,3,0,59691.0,0.307892781907222,14,0,2,1,0,2,2,0,1.0,0.0,0.0,0.0,0.0,1.0,0.0,0.0,0.0
423,cust0424,50,71570.0,634.0,0.542548967691947,2,1,36820.0,0.269636146301214,9,4,0,1,0,2,1,1,1.0,0.0,0.0,0.0,0.0,0.0,0.0,0.0,1.0
424,cust0425,69,104588.0,811.0,0.186865625394356,0,0,65548.0,0.343311596387311,18,0,0,2,0,0,0,1,0.0,0.0,0.0,1.0,0.0,1.0,0.0,0.0,0.0
425,cust0426,38,146800.0,500.0,0.759550997051934,3,0,29584.0,0.338846641504829,11,2,1,2,0,0,1,1,1.0,0.0,0.0,0.0,0.0,1.0,0.0,0.0,0.0
426,cust0427,49,163216.0,768.0,1.0087335790603,6,0,60530.0,0.452936680834814,15,3,1,2,0,1,1,0,1.0,0.0,0.0,0.0,0.0,0.0,0.0,1.0,0.0
427,cust0428,40,193677.0,320.0,0.536561381841067,4,0,36913.0,0.290471465285499,8,3,0,2,0,2,1,0,0.0,0.0,1.0,0.0,0.0,0.0,0.0,1.0,0.0
428,cust0429,50,38049.0,673.0,0.481179470308096,2,0,62342.0,0.419456343118412,14,4,2,0,2,1,1,2,0.0,0.0,0.0,1.0,0.0,0.0,0.0,1.0,0.0
429,cust0430,20,129821.0,536.0,0.435572084961987,4,1,49798.0,0.392072551289389,16,3,0,2,0,1,1,2,0.0,0.0,0.0,1.0,1.0,0.0,0.0,0.0,0.0
430,cust0431,35,115235.0,691.0,0.656359862262582,6,0,95276.0,0.529397728329314,13,3,0,2,1,2,1,0,0.0,0.0,1.0,0.0,0.0,0.0,0.0,1.0,0.0
431,cust0432,42,108610.0,467.0,0.613537350186917,1,0,55812.0,0.287274198009772,17,1,2,1,0,2,1,0,0.0,0.0,1.0,0.0,0.0,0.0,0.0,0.0,1.0
432,cust0433,59,31364.0,739.0,0.700699690710572,2,0,24851.0,0.257964127854701,1,4,2,1,2,0,2,0,1.0,0.0,0.0,0.0,0.0,1.0,0.0,0.0,0.0
433,cust0434,48,184160.0,572.0,0.374416695480383,3,0,78289.0,0.425769422224373,3,4,1,1,1,1,0,1,0.0,0.0,0.0,1.0,0.0,0.0,0.0,0.0,1.0
434,cust0435,71,59238.0,401.0,0.568023541280929,2,0,20052.0,0.338543257174126,17,3,0,2,0,0,0,2,0.0,1.0,0.0,0.0,0.0,0.0,0.0,1.0,0.0
435,cust0436,20,68682.0,339.0,0.39150638665876,4,0,88778.0,0.428165921678389,6,3,1,0,1,2,2,1,0.0,0.0,0.0,1.0,1.0,0.0,0.0,0.0,0.0
436,cust0437,57,28807.0,794.0,0.288456870385989,0,0,95136.0,0.37167987979895,12,3,0,1,2,0,1,0,1.0,0.0,0.0,0.0,1.0,0.0,0.0,0.0,0.0
437,cust0438,63,107658.0,799.0,0.491796915799307,2,0,41743.0,0.1,14,2,0,2,1,2,1,2,1.0,0.0,0.0,0.0,0.0,1.0,0.0,0.0,0.0
438,cust0439,41,20569.0,427.0,0.315497453924583,3,0,87110.0,0.337632177703118,0,0,1,2,2,1,2,2,1.0,0.0,0.0,0.0,0.0,0.0,0.0,0.0,1.0
439,cust0440,67,25916.0,762.0,0.734745399548517,1,0,45776.0,0.331121589795148,10,2,0,0,1,2,0,1,1.0,0.0,0.0,0.0,0.0,0.0,1.0,0.0,0.0
440,cust0441,49,127566.0,328.0,0.327615924396835,5,0,82438.0,0.313310690246396,9,4,0,0,0,0,0,0,1.0,0.0,0.0,0.0,0.0,0.0,0.0,0.0,1.0
441,cust0442,64,33888.0,398.0,0.572709188137472,0,0,1806.0,0.286775694587661,4,1,0,1,1,2,2,0,0.0,0.0,1.0,0.0,0.0,0.0,0.0,1.0,0.0
442,cust0443,39,152162.0,446.0,0.379315540248055,1,0,4106.0,0.140785647220567,15,0,2,1,2,2,2,2,1.0,0.0,0.0,0.0,0.0,0.0,1.0,0.0,0.0
443,cust0444,40,170026.0,788.0,0.555412550087502,2,0,95376.0,0.387417691723832,10,1,2,0,2,1,2,2,1.0,0.0,0.0,0.0,1.0,0.0,0.0,0.0,0.0
444,cust0445,19,51187.0,549.0,0.395200685308928,4,0,65387.0,0.337376842809349,5,4,0,1,1,2,0,0,1.0,0.0,0.0,0.0,0.0,1.0,0.0,0.0,0.0
445,cust0446,44,108396.0,378.0,0.248557745028492,6,1,85678.0,0.410195669739742,8,4,2,1,2,1,0,2,1.0,0.0,0.0,0.0,0.0,1.0,0.0,0.0,0.0
446,cust0447,59,16062.0,690.0,0.596754548190369,4,0,73117.0,0.146124447572474,12,1,0,2,2,0,0,2,1.0,0.0,0.0,0.0,1.0,0.0,0.0,0.0,0.0
447,cust0448,19,167617.0,700.0,0.452916875617355,3,0,52256.0,0.350713448954526,7,1,0,0,1,2,0,0,0.0,1.0,0.0,0.0,0.0,0.0,0.0,1.0,0.0
448,cust0449,43,187627.0,584.0,0.557196988144491,4,0,10778.0,0.276534066245343,13,1,2,2,0,0,0,2,1.0,0.0,0.0,0.0,1.0,0.0,0.0,0.0,0.0
449,cust0450,34,115235.0,781.0,0.414231412873912,0,0,62010.0,0.314378800992552,0,4,0,1,2,2,1,0,1.0,0.0,0.0,0.0,0.0,0.0,0.0,1.0,0.0
450,cust0451,57,107658.0,528.0,0.234412697246309,4,0,29845.0,0.27768403658191,16,3,2,1,2,2,2,0,1.0,0.0,0.0,0.0,0.0,0.0,1.0,0.0,0.0
451,cust0452,50,99076.0,332.0,0.716635719411251,3,0,62010.0,0.354360792748012,4,1,2,0,0,2,0,0,1.0,0.0,0.0,0.0,1.0,0.0,0.0,0.0,0.0
452,cust0453,26,190333.0,462.0,0.647351551088217,5,1,29416.0,0.283712687900842,1,0,1,1,0,0,1,0,1.0,0.0,0.0,0.0,0.0,0.0,0.0,1.0,0.0
453,cust0454,60,65612.0,588.0,0.386607804889351,2,0,45776.0,0.194808507494431,8,4,0,0,2,1,2,0,0.0,0.0,1.0,0.0,0.0,0.0,1.0,0.0,0.0
454,cust0455,71,162851.0,622.0,0.513955842699759,6,0,77743.0,0.308642541878619,3,2,2,0,1,1,0,0,1.0,0.0,0.0,0.0,1.0,0.0,0.0,0.0,0.0
455,cust0456,65,75566.0,338.0,0.708403896632587,2,0,83236.0,0.278582546286449,16,2,1,0,1,2,1,2,0.0,0.0,1.0,0.0,0.0,1.0,0.0,0.0,0.0
456,cust0457,56,177993.0,739.0,0.40859233282752,4,0,24120.0,0.291660637887111,16,0,1,1,0,2,1,2,0.0,0.0,1.0,0.0,1.0,0.0,0.0,0.0,0.0
457,cust0458,46,38049.0,758.0,0.439623098961889,1,0,71588.0,0.1,17,3,1,0,1,0,1,2,1.0,0.0,0.0,0.0,0.0,0.0,0.0,0.0,1.0
458,cust0459,59,107658.0,350.0,0.548726500001474,2,0,24835.0,0.36826360835687,15,1,0,1,2,2,0,1,0.0,1.0,0.0,0.0,1.0,0.0,0.0,0.0,0.0
459,cust0460,72,125448.0,354.0,0.408181787289082,5,0,45776.0,0.268533638265321,7,4,1,1,1,0,1,0,0.0,0.0,0.0,1.0,0.0,0.0,0.0,0.0,1.0
460,cust0461,43,146800.0,459.0,0.671418399397404,4,1,17913.0,0.165184642598173,10,1,0,0,2,2,1,0,1.0,0.0,0.0,0.0,0.0,0.0,1.0,0.0,0.0
461,cust0462,52,134180.0,757.0,0.466219843938512,6,0,16693.0,0.392256351684814,17,4,1,0,1,0,0,2,1.0,0.0,0.0,0.0,1.0,0.0,0.0,0.0,0.0
462,cust0463,67,64922.0,658.0,0.343192825001205,3,0,67397.0,0.363636572775293,9,2,2,1,1,0,2,2,0.0,1.0,0.0,0.0,0.0,0.0,1.0,0.0,0.0
463,cust0464,42,107658.0,837.0,0.621727765974799,5,0,45776.0,0.267267980372514,12,1,2,0,2,1,1,1,0.0,1.0,0.0,0.0,0.0,0.0,1.0,0.0,0.0
464,cust0465,41,24435.0,766.0,0.27157387011373,4,0,60530.0,0.184783062047998,16,0,0,2,0,0,0,1,1.0,0.0,0.0,0.0,0.0,0.0,0.0,1.0,0.0
465,cust0466,30,107658.0,664.0,0.902975712224842,5,0,45776.0,0.317803073467937,17,3,0,0,0,1,2,2,0.0,0.0,0.0,1.0,0.0,0.0,1.0,0.0,0.0
466,cust0467,24,193998.0,700.0,0.81649927271604,2,0,18952.0,0.31231060845876,9,0,0,2,2,1,1,0,0.0,1.0,0.0,0.0,0.0,0.0,1.0,0.0,0.0
467,cust0468,74,164143.0,580.0,0.602699095384203,6,0,44449.0,0.392433428299178,15,3,0,1,2,0,0,1,0.0,0.0,1.0,0.0,1.0,0.0,0.0,0.0,0.0
468,cust0469,53,191615.0,796.0,0.58586620436398,3,0,42551.0,0.25562644851395,19,1,1,1,2,1,1,1,0.0,0.0,0.0,1.0,1.0,0.0,0.0,0.0,0.0
469,cust0470,62,75566.0,845.0,0.576488283563859,4,0,82482.0,0.419492213486499,4,1,1,1,1,0,1,0,1.0,0.0,0.0,0.0,0.0,1.0,0.0,0.0,0.0
470,cust0471,37,167424.0,813.0,0.402181042816218,0,0,33772.0,0.245974699666423,12,3,2,2,0,1,0,2,0.0,0.0,0.0,1.0,0.0,0.0,0.0,1.0,0.0
471,cust0472,18,53513.0,617.0,0.559461929136168,3,0,43870.0,0.165416821545757,17,2,1,2,2,0,2,1,1.0,0.0,0.0,0.0,0.0,0.0,1.0,0.0,0.0
472,cust0473,25,155932.0,754.0,0.31537347790843,0,0,23685.0,0.186771724452271,16,4,2,1,1,0,2,0,0.0,0.0,0.0,1.0,0.0,0.0,0.0,1.0,0.0
473,cust0474,63,107658.0,475.0,0.600763683688036,5,0,75316.0,0.293758846086438,8,0,0,2,0,1,1,1,0.0,0.0,1.0,0.0,0.0,0.0,0.0,0.0,1.0
474,cust0475,33,38049.0,508.0,0.673569388606259,1,0,60348.0,0.293448549094126,13,0,2,1,2,1,1,1,1.0,0.0,0.0,0.0,0.0,0.0,1.0,0.0,0.0
475,cust0476,31,169786.0,822.0,0.424382779803333,3,0,48437.0,0.332786114075077,16,0,1,0,1,2,2,0,1.0,0.0,0.0,0.0,0.0,0.0,0.0,1.0,0.0
476,cust0477,29,52744.0,796.0,0.380979641169056,5,0,44439.0,0.290962596888155,3,1,2,1,0,0,0,1,1.0,0.0,0.0,0.0,0.0,1.0,0.0,0.0,0.0
477,cust0478,68,24435.0,307.0,0.257504595070418,0,1,20374.0,0.397731851606432,17,0,2,2,0,1,0,2,1.0,0.0,0.0,0.0,0.0,1.0,0.0,0.0,0.0
478,cust0479,40,87474.0,429.0,0.791591046713138,2,0,26417.0,0.273890590153742,19,4,2,1,0,2,2,2,0.0,0.0,0.0,1.0,0.0,0.0,1.0,0.0,0.0
479,cust0480,32,86726.0,799.0,0.396867193231557,2,0,54622.0,0.100372373512858,14,4,1,2,2,0,1,2,0.0,1.0,0.0,0.0,0.0,0.0,0.0,0.0,1.0
480,cust0481,45,59482.0,346.0,0.460252192796675,1,0,85678.0,0.28789033115342,10,3,1,2,2,0,2,1,1.0,0.0,0.0,0.0,0.0,1.0,0.0,0.0,0.0
481,cust0482,51,59811.0,792.0,0.560031116999145,3,0,45776.0,0.1,11,1,1,1,1,2,2,1,1.0,0.0,0.0,0.0,0.0,1.0,0.0,0.0,0.0
482,cust0483,19,107658.0,766.0,0.556441528577986,3,0,45776.0,0.327139098099769,8,4,0,2,1,1,0,1,1.0,0.0,0.0,0.0,0.0,0.0,0.0,0.0,1.0
483,cust0484,49,147396.0,401.0,0.649312019136214,3,0,7468.0,0.405719299898491,12,2,0,2,2,1,0,2,1.0,0.0,0.0,0.0,0.0,0.0,0.0,1.0,0.0
484,cust0485,40,116570.0,556.0,0.424134016032334,5,0,76567.0,0.201377551371748,14,1,0,2,1,0,2,2,1.0,0.0,0.0,0.0,0.0,1.0,0.0,0.0,0.0
485,cust0486,39,39285.0,567.0,0.272266412305817,6,0,37463.0,0.441855668639185,14,1,0,0,2,1,0,1,1.0,0.0,0.0,0.0,1.0,0.0,0.0,0.0,0.0
486,cust0487,68,43732.0,524.0,0.237266938205536,6,0,53553.0,0.384283124472843,4,4,2,1,2,2,2,2,0.0,1.0,0.0,0.0,0.0,1.0,0.0,0.0,0.0
487,cust0488,42,188420.0,550.0,0.38414895343143,1,0,86846.0,0.420648015541505,18,2,2,0,1,0,0,2,0.0,0.0,0.0,1.0,0.0,0.0,0.0,1.0,0.0
488,cust0489,39,115497.0,665.0,0.309629905065075,3,0,64110.0,0.318956385643463,19,3,1,0,1,2,2,0,0.0,0.0,1.0,0.0,0.0,0.0,0.0,1.0,0.0
489,cust0490,39,153877.0,618.0,0.439276658938448,5,0,36029.0,0.200723482424817,13,4,2,0,2,2,1,2,1.0,0.0,0.0,0.0,0.0,0.0,1.0,0.0,0.0
490,cust0491,66,54954.0,825.0,0.761515762151996,2,0,77743.0,0.378081542781413,16,2,1,0,2,2,0,2,0.0,0.0,1.0,0.0,1.0,0.0,0.0,0.0,0.0
491,cust0492,69,177993.0,818.0,0.424544358823262,0,0,32630.0,0.237539909323166,17,1,0,0,0,1,1,2,1.0,0.0,0.0,0.0,0.0,0.0,0.0,1.0,0.0
492,cust0493,59,191517.0,813.0,0.424469827733088,5,0,23047.0,0.311788450610335,2,2,0,0,1,1,2,1,0.0,0.0,0.0,1.0,0.0,0.0,0.0,0.0,1.0
493,cust0494,23,168487.0,306.0,0.496720244748842,6,0,5539.0,0.282864900719638,1,1,0,2,2,2,0,2,0.0,0.0,0.0,1.0,1.0,0.0,0.0,0.0,0.0
494,cust0495,32,107658.0,811.0,0.418875001757586,6,1,16699.0,0.412469585679689,0,4,1,1,1,2,2,2,1.0,0.0,0.0,0.0,1.0,0.0,0.0,0.0,0.0
495,cust0496,71,48307.0,688.0,0.486521752856361,2,0,12707.0,0.373032700592332,9,4,2,2,0,2,2,1,0.0,1.0,0.0,0.0,0.0,0.0,0.0,0.0,1.0
496,cust0497,60,86180.0,836.0,0.608173844496269,2,1,45595.0,0.291943420168762,18,0,2,2,1,1,1,0,0.0,0.0,0.0,1.0,0.0,1.0,0.0,0.0,0.0
497,cust0498,54,152326.0,847.0,0.676950210952662,0,0,44449.0,0.104839280645984,16,0,2,1,1,2,1,0,1.0,0.0,0.0,0.0,0.0,0.0,0.0,0.0,1.0
498,cust0499,50,105852.0,343.0,0.700642639947804,2,1,11155.0,0.236477253347079,11,0,1,2,1,0,2,0,1.0,0.0,0.0,0.0,0.0,0.0,0.0,0.0,1.0
499,cust0500,25,40945.0,442.0,0.911370444146204,1,0,36968.0,0.370422228948441,0,4,0,1,1,2,1,2,0.0,0.0,1.0,0.0,0.0,1.0,0.0,0.0,0.0
